Original Air Date,Type,Instructor,LengthSat Jun 20 11:21:00 2020,Yoga Flow,Aditi Shah,30.0
Sat Jun 20 07:00:00 2020,Power Yoga,Chelsea Jackson Roberts,30.0
Fri Jun 19 14:16:00 2020,Yoga Flow,Chelsea Jackson Roberts,30.0
Thu Jun 18 14:17:00 2020,Yoga Flow,Denis Morton,45.0
Thu Jun 18 12:55:00 2020,Yoga Flow,Aditi Shah,20.0
Thu Jun 18 12:16:00 2020,Yoga Flow,Aditi Shah,20.0
Thu Jun 18 11:22:00 2020,Yoga Flow,Aditi Shah,10.0
Wed Jun 17 14:51:00 2020,Yoga Flow,Kristin McGee,20.0
Wed Jun 17 14:18:00 2020,Yoga Flow,Kristin McGee,20.0
Wed Jun 17 12:17:00 2020,Yoga Flow,Ross Rayburn,30.0
Wed Jun 17 11:37:00 2020,Yoga Flow,Ross Rayburn,10.0
Wed Jun 17 06:15:00 2020,Yoga Basics,Anna Greenberg,10.0
Tue Jun 16 13:30:00 2020,Yoga Flow,Chelsea Jackson Roberts,30.0
Tue Jun 16 11:21:00 2020,Power Yoga,Aditi Shah,30.0
Tue Jun 16 07:00:00 2020,Yoga Anywhere,Chelsea Jackson Roberts,10.0
Mon Jun 15 14:30:00 2020,Restorative Yoga,Kristin McGee,20.0
Mon Jun 15 11:21:00 2020,Yoga Flow,Ross Rayburn,30.0
Sat Jun 13 05:18:00 2020,Yoga Flow,Ross Rayburn,30.0
Fri Jun 12 15:05:00 2020,Yoga Flow,Anna Greenberg,10.0
Fri Jun 12 14:18:00 2020,Yoga Flow,Anna Greenberg,30.0
Fri Jun 12 12:20:00 2020,Yoga Flow,Chelsea Jackson Roberts,45.0
Fri Jun 12 11:20:00 2020,Yoga Flow,Aditi Shah,30.0
Thu Jun 11 15:04:00 2020,Restorative Yoga,Denis Morton,10.0
Thu Jun 11 14:19:00 2020,Yoga,Denis Morton,30.0
Wed Jun 10 14:19:00 2020,Yoga Flow,Kristin McGee,30.0
Wed Jun 10 12:18:00 2020,Yoga Flow,Aditi Shah,45.0
Tue Jun  9 11:30:00 2020,Yoga Flow,Aditi Shah,30.0
Tue Jun  9 07:00:00 2020,Yoga Flow,Chelsea Jackson Roberts,30.0
Tue Jun  9 06:30:00 2020,Yoga Flow,Denis Morton,20.0
Sun Jun  7 07:00:00 2020,Yoga Flow,Denis Morton,30.0
Sat Jun  6 11:21:00 2020,Yoga Flow,Aditi Shah,45.0
Fri Jun  5 14:20:00 2020,Yoga Flow,Chelsea Jackson Roberts,30.0
Fri Jun  5 13:02:00 2020,Yoga Flow,Anna Greenberg,20.0
Fri Jun  5 12:28:00 2020,Yoga Flow,Anna Greenberg,30.0
Fri Jun  5 06:30:00 2020,Yoga Flow,Anna Greenberg,45.0
Thu Jun  4 14:19:00 2020,Yoga Flow,Anna Greenberg,45.0
Wed Jun  3 12:19:00 2020,Power Yoga,Kristin McGee,30.0
Wed Jun  3 11:24:00 2020,Yoga Flow,Ross Rayburn,30.0
Mon Jun  1 13:30:00 2020,Yoga Flow,Kristin McGee,10.0
Mon Jun  1 11:20:00 2020,Yoga Flow,Ross Rayburn,30.0
Sat May 30 11:22:00 2020,Yoga Flow,Ross Rayburn,45.0
Fri May 29 14:21:00 2020,Yoga Flow,Kristin McGee,45.0
Thu May 28 15:05:00 2020,Yoga Flow,Denis Morton,20.0
Thu May 28 14:23:00 2020,Power Yoga,Denis Morton,30.0
Thu May 28 10:30:00 2020,Yoga Flow,Kristin McGee,30.0
Wed May 27 15:04:00 2020,Yoga Flow,Anna Greenberg,20.0
Wed May 27 14:18:00 2020,Yoga Flow,Anna Greenberg,30.0
Wed May 27 11:24:00 2020,Yoga Flow,Aditi Shah,30.0
Wed May 27 07:00:00 2020,Yoga Flow,Chelsea Jackson Roberts,30.0
Wed May 27 07:00:00 2020,Yoga Flow,Chelsea Jackson Roberts,10.0
Wed May 27 07:00:00 2020,Yoga Flow,Chelsea Jackson Roberts,20.0
Tue May 26 11:19:00 2020,Yoga Flow,Ross Rayburn,30.0
Mon May 25 11:23:00 2020,Power Yoga,Aditi Shah,30.0
Fri May 22 11:22:00 2020,Yoga Flow,Aditi Shah,30.0
Wed May 20 11:21:00 2020,Yoga Flow,Aditi Shah,30.0
Tue May 19 11:22:00 2020,Yoga Flow,Ross Rayburn,30.0
Mon May 18 11:20:00 2020,Yoga Flow,Ross Rayburn,45.0
Sat May 16 11:22:00 2020,Yoga Flow,Ross Rayburn,45.0
Fri May 15 11:25:00 2020,Power Yoga,Ross Rayburn,30.0
Thu May 14 05:35:00 2020,Power Yoga,Aditi Shah,20.0
Tue May 12 11:21:00 2020,Yoga Flow,Ross Rayburn,30.0
Mon May 11 11:22:00 2020,Yoga Flow,Aditi Shah,30.0
Sat May  9 11:23:00 2020,Yoga Flow,Aditi Shah,30.0
Wed May  6 11:24:00 2020,Power Yoga,Aditi Shah,45.0
Tue May  5 10:23:00 2020,Yoga Flow,Ross Rayburn,30.0
Sun May  3 10:23:00 2020,Yoga Flow,Kristin McGee,30.0
Sun May  3 07:54:00 2020,Yoga Flow,Aditi Shah,45.0
Sat May  2 07:50:00 2020,Yoga Flow,Ross Rayburn,45.0
Fri May  1 10:25:00 2020,Yoga Flow,Ross Rayburn,30.0
Fri May  1 07:55:00 2020,Yoga Flow,Aditi Shah,30.0
Wed Apr 29 16:00:00 2020,Yoga Flow,Aditi Shah,30.0
Tue Apr 28 05:55:00 2020,Yoga Flow,Aditi Shah,30.0
Sun Apr 26 08:00:00 2020,Yoga Flow,Kristin McGee,10.0
Sat Apr 25 05:55:00 2020,Yoga Flow,Aditi Shah,30.0
Tue Apr 14 05:30:00 2020,Power Yoga,Denis Morton,20.0
Thu Apr  9 06:30:00 2020,Yoga Anywhere,Aditi Shah,10.0
Mon Apr  6 13:00:00 2020,Yoga Flow,Anna Greenberg,10.0
Fri Apr  3 11:01:00 2020,Yoga Flow,Anna Greenberg,20.0
Fri Apr  3 10:19:00 2020,Yoga Flow,Anna Greenberg,30.0
Fri Apr  3 06:30:00 2020,Yoga Flow,Ross Rayburn,20.0
Thu Apr  2 10:20:00 2020,Yoga Flow,Aditi Shah,45.0
Thu Apr  2 06:30:00 2020,Yoga Anywhere,Kristin McGee,5.0
Wed Apr  1 10:18:00 2020,Yoga Flow,Ross Rayburn,45.0
Wed Apr  1 06:30:00 2020,Yoga Flow,Aditi Shah,45.0
Tue Mar 31 10:19:00 2020,Yoga Flow,Anna Greenberg,45.0
Mon Mar 30 11:02:00 2020,Yoga Flow,Denis Morton,20.0
Mon Mar 30 10:16:00 2020,Yoga Flow,Denis Morton,30.0
Mon Mar 30 06:30:00 2020,Yoga Flow,Kristin McGee,45.0
Sun Mar 29 10:17:00 2020,Yoga Flow,Ross Rayburn,45.0
Sat Mar 28 10:16:00 2020,Yoga Flow,Kristin McGee,60.0
Sat Mar 28 06:30:00 2020,Yoga Flow,Denis Morton,30.0
Fri Mar 27 11:01:00 2020,Yoga Flow,Kristin McGee,20.0
Fri Mar 27 10:19:00 2020,Yoga Flow,Kristin McGee,30.0
Fri Mar 27 06:30:00 2020,Yoga Flow,Anna Greenberg,45.0
Thu Mar 26 10:19:00 2020,Power Yoga,Aditi Shah,45.0
Wed Mar 25 10:19:00 2020,Yoga Flow,Anna Greenberg,45.0
Wed Mar 25 06:30:00 2020,Yoga Flow,Ross Rayburn,45.0
Tue Mar 24 10:26:00 2020,Yoga Flow,Ross Rayburn,45.0
Mon Mar 23 10:18:00 2020,Yoga Flow,Denis Morton,60.0
Sun Mar 22 08:48:00 2020,Yoga Flow,Kristin McGee,30.0
Sun Mar 22 07:19:00 2020,Yoga Flow,Kristin McGee,45.0
Sat Mar 21 08:48:00 2020,Power Yoga,Anna Greenberg,30.0
Sat Mar 21 07:19:00 2020,Yoga Flow,Anna Greenberg,60.0
Fri Mar 20 08:50:00 2020,Yoga Flow,Aditi Shah,30.0
Fri Mar 20 07:20:00 2020,Yoga Flow,Aditi Shah,45.0
Thu Mar 19 08:47:00 2020,Yoga Flow,Ross Rayburn,30.0
Thu Mar 19 08:02:00 2020,Yoga Flow,Ross Rayburn,20.0
Thu Mar 19 07:20:00 2020,Yoga Flow,Ross Rayburn,30.0
Sun Mar 15 12:15:00 2020,Pre & Postnatal Yoga,Kristin McGee,20.0
Sun Mar 15 12:00:00 2020,Pre & Postnatal Yoga,Kristin McGee,20.0
Sun Mar 15 11:00:00 2020,Pre & Postnatal Yoga,Kristin McGee,10.0
Sun Mar 15 10:45:00 2020,Pre & Postnatal Yoga,Kristin McGee,10.0
Sun Mar 15 10:30:00 2020,Yoga Anywhere,Anna Greenberg,10.0
Sun Mar 15 10:30:00 2020,Yoga Flow,Anna Greenberg,30.0
Sun Mar 15 10:00:00 2020,Yoga Flow,Aditi Shah,10.0
Sun Mar 15 09:30:00 2020,Yoga Flow,Aditi Shah,10.0
Sun Mar 15 09:00:00 2020,Yoga Flow,Anna Greenberg,10.0
Sun Mar 15 09:00:00 2020,Yoga Flow,Aditi Shah,10.0
Sun Mar 15 08:30:00 2020,Yoga Flow,Aditi Shah,10.0
Sun Mar 15 07:32:00 2020,Yoga Flow,Denis Morton,45.0
Sun Mar 15 06:18:00 2020,Yoga Flow,Kristin McGee,45.0
Sat Mar 14 07:34:00 2020,Yoga Flow,Ross Rayburn,45.0
Sat Mar 14 06:17:00 2020,Yoga Flow,Anna Greenberg,45.0
Fri Mar 13 04:48:00 2020,Yoga Flow,Ross Rayburn,45.0
Thu Mar 12 16:19:00 2020,Yoga Flow,Aditi Shah,45.0
Thu Mar 12 15:31:00 2020,Restorative Yoga,Anna Greenberg,20.0
Thu Mar 12 14:48:00 2020,Yoga Flow,Anna Greenberg,30.0
Thu Mar 12 05:31:00 2020,Yoga Flow,Kristin McGee,20.0
Thu Mar 12 04:50:00 2020,Yoga Flow,Kristin McGee,30.0
Wed Mar 11 15:31:00 2020,Yoga Flow,Anna Greenberg,10.0
Wed Mar 11 14:48:00 2020,Yoga Flow,Anna Greenberg,30.0
Wed Mar 11 08:00:00 2020,Yoga Basics,Anna Greenberg,10.0
Wed Mar 11 04:49:00 2020,Power Yoga,Kristin McGee,45.0
Tue Mar 10 16:18:00 2020,Yoga Flow,Ross Rayburn,30.0
Tue Mar 10 15:32:00 2020,Yoga Flow,Denis Morton,20.0
Tue Mar 10 14:47:00 2020,Yoga Flow,Denis Morton,30.0
Tue Mar 10 08:02:00 2020,Yoga Anywhere,Aditi Shah,10.0
Tue Mar 10 04:48:00 2020,Yoga Flow,Anna Greenberg,30.0
Mon Mar  9 16:18:00 2020,Yoga Flow,Kristin McGee,30.0
Mon Mar  9 15:32:00 2020,Yoga Flow,Ross Rayburn,20.0
Mon Mar  9 14:47:00 2020,Power Yoga,Ross Rayburn,30.0
Mon Mar  9 05:31:00 2020,Yoga Flow,Aditi Shah,20.0
Mon Mar  9 04:47:00 2020,Yoga Flow,Aditi Shah,30.0
Sun Mar  8 07:34:00 2020,Yoga Flow,Kristin McGee,45.0
Sun Mar  8 06:17:00 2020,Yoga Flow,Multiple Instructors,45.0
Sat Mar  7 07:33:00 2020,Yoga Flow,Ross Rayburn,45.0
Sat Mar  7 06:17:00 2020,Yoga Flow,Denis Morton,45.0
Fri Mar  6 05:21:00 2020,Yoga Flow,Ross Rayburn,30.0
Fri Mar  6 04:47:00 2020,Yoga Flow,Ross Rayburn,20.0
Thu Mar  5 16:18:00 2020,Yoga Flow,Aditi Shah,45.0
Thu Mar  5 14:48:00 2020,Yoga Flow,Anna Greenberg,30.0
Thu Mar  5 09:16:00 2020,Yoga Basics,Ross Rayburn,10.0
Thu Mar  5 05:32:00 2020,Yoga Flow,Kristin McGee,20.0
Thu Mar  5 04:49:00 2020,Yoga Flow,Kristin McGee,30.0
Wed Mar  4 16:18:00 2020,Yoga Flow,Anna Greenberg,30.0
Wed Mar  4 15:31:00 2020,Yoga Flow,Aditi Shah,20.0
Wed Mar  4 14:49:00 2020,Yoga Flow,Aditi Shah,30.0
Wed Mar  4 04:48:00 2020,Yoga Flow,Kristin McGee,60.0
Tue Mar  3 16:18:00 2020,Yoga Flow,Ross Rayburn,30.0
Tue Mar  3 15:32:00 2020,Restorative Yoga,Denis Morton,20.0
Tue Mar  3 14:48:00 2020,Yoga Flow,Denis Morton,30.0
Tue Mar  3 05:32:00 2020,Yoga Flow,Anna Greenberg,20.0
Tue Mar  3 05:00:00 2020,Yoga Flow,Anna Greenberg,30.0
Mon Mar  2 16:18:00 2020,Yoga Flow,Kristin McGee,30.0
Mon Mar  2 14:49:00 2020,Yoga Flow,Ross Rayburn,30.0
Mon Mar  2 05:31:00 2020,Yoga Flow,Aditi Shah,20.0
Mon Mar  2 04:48:00 2020,Yoga Flow,Aditi Shah,30.0
Sun Mar  1 08:56:00 2020,Yoga Flow,Kristin McGee,10.0
Sun Mar  1 07:35:00 2020,Yoga Flow,Denis Morton,45.0
Sun Mar  1 06:18:00 2020,Power Yoga,Aditi Shah,45.0
Sat Feb 29 07:32:00 2020,Yoga Flow,Ross Rayburn,45.0
Sat Feb 29 06:17:00 2020,Yoga Flow,Anna Greenberg,45.0
Fri Feb 28 05:21:00 2020,Yoga Flow,Ross Rayburn,30.0
Fri Feb 28 04:49:00 2020,Yoga Flow,Ross Rayburn,20.0
Thu Feb 27 16:18:00 2020,Yoga Flow,Aditi Shah,45.0
Thu Feb 27 14:48:00 2020,Yoga Flow,Anna Greenberg,30.0
Thu Feb 27 07:53:00 2020,Yoga Anywhere,Ross Rayburn,4.983333333333333
Thu Feb 27 05:35:00 2020,Yoga Flow,Kristin McGee,19.0
Thu Feb 27 04:50:00 2020,Yoga Flow,Kristin McGee,30.0
Wed Feb 26 16:18:00 2020,Yoga Flow,Anna Greenberg,30.0
Wed Feb 26 14:48:00 2020,Yoga Flow,Aditi Shah,30.0
Wed Feb 26 05:31:00 2020,Restorative Yoga,Kristin McGee,20.0
Wed Feb 26 04:49:00 2020,Yoga Flow,Kristin McGee,30.0
Tue Feb 25 16:19:00 2020,Yoga Flow,Ross Rayburn,30.0
Tue Feb 25 15:32:00 2020,Yoga Flow,Denis Morton,20.0
Tue Feb 25 14:52:00 2020,Yoga Flow,Denis Morton,30.0
Tue Feb 25 05:31:00 2020,Yoga Flow,Anna Greenberg,20.0
Tue Feb 25 04:48:00 2020,Power Yoga,Anna Greenberg,30.0
Mon Feb 24 15:31:00 2020,Yoga Flow,Ross Rayburn,20.0
Mon Feb 24 14:48:00 2020,Power Yoga,Ross Rayburn,30.0
Mon Feb 24 05:32:00 2020,Yoga Flow,Aditi Shah,20.0
Mon Feb 24 04:47:00 2020,Yoga Flow,Aditi Shah,30.0
Sun Feb 23 09:01:00 2020,Yoga Flow,Kristin McGee,10.0
Sun Feb 23 07:34:00 2020,Power Yoga,Denis Morton,45.0
Sun Feb 23 06:19:00 2020,Yoga Flow,Aditi Shah,45.0
Sat Feb 22 07:30:00 2020,Yoga Flow,Ross Rayburn,45.0
Sat Feb 22 06:17:00 2020,Yoga Flow,Anna Greenberg,45.0
Fri Feb 21 05:31:00 2020,Yoga Flow,Ross Rayburn,20.0
Fri Feb 21 04:48:00 2020,Yoga Flow,Ross Rayburn,30.0
Thu Feb 20 16:17:00 2020,Yoga Flow,Aditi Shah,45.0
Thu Feb 20 15:31:00 2020,Yoga Flow,Anna Greenberg,20.0
Thu Feb 20 14:52:00 2020,Yoga Flow,Anna Greenberg,30.0
Thu Feb 20 07:51:00 2020,Yoga Flow,Ross Rayburn,10.0
Thu Feb 20 05:31:00 2020,Yoga Flow,Kristin McGee,20.0
Thu Feb 20 04:48:00 2020,Yoga Flow,Kristin McGee,30.0
Wed Feb 19 16:18:00 2020,Yoga Flow,Anna Greenberg,30.0
Wed Feb 19 15:31:00 2020,Yoga Flow,Aditi Shah,20.0
Wed Feb 19 14:51:00 2020,Power Yoga,Aditi Shah,30.0
Wed Feb 19 04:47:00 2020,Yoga Flow,Kristin McGee,45.0
Tue Feb 18 17:01:00 2020,Restorative Yoga,Ross Rayburn,10.0
Tue Feb 18 16:20:00 2020,Yoga Flow,Ross Rayburn,30.0
Tue Feb 18 15:32:00 2020,Yoga Flow,Denis Morton,20.0
Tue Feb 18 14:48:00 2020,Yoga Flow,Denis Morton,30.0
Tue Feb 18 13:28:00 2020,Yoga Flow,Ross Rayburn,10.0
Tue Feb 18 13:18:00 2020,Yoga Basics,Ross Rayburn,5.0
Tue Feb 18 05:21:00 2020,Yoga Flow,Anna Greenberg,30.0
Tue Feb 18 04:49:00 2020,Yoga Flow,Anna Greenberg,20.0
Mon Feb 17 05:31:00 2020,Yoga Flow,Kristin McGee,20.0
Mon Feb 17 04:49:00 2020,Yoga Flow,Kristin McGee,30.0
Sun Feb 16 08:40:00 2020,Yoga Flow,Kristin McGee,10.0
Sun Feb 16 07:34:00 2020,Yoga Flow,Kristin McGee,45.0
Sun Feb 16 06:17:00 2020,Yoga Flow,Aditi Shah,45.0
Sat Feb 15 07:33:00 2020,Yoga Flow,Ross Rayburn,45.0
Sat Feb 15 06:17:00 2020,Yoga Flow,Anna Greenberg,45.0
Fri Feb 14 04:48:00 2020,Yoga Flow,Multiple Instructors,45.0
Thu Feb 13 16:19:00 2020,Yoga Flow,Aditi Shah,45.0
Thu Feb 13 15:31:00 2020,Yoga Flow,Anna Greenberg,20.0
Thu Feb 13 14:48:00 2020,Yoga Flow,Anna Greenberg,30.0
Thu Feb 13 05:31:00 2020,Restorative Yoga,Kristin McGee,20.0
Thu Feb 13 04:49:00 2020,Yoga Flow,Kristin McGee,30.0
Wed Feb 12 15:31:00 2020,Restorative Yoga,Aditi Shah,20.0
Wed Feb 12 14:48:00 2020,Yoga Flow,Aditi Shah,30.0
Wed Feb 12 13:00:00 2020,Pre & Postnatal Yoga,Kristin McGee,20.0
Wed Feb 12 13:00:00 2020,Pre & Postnatal Yoga,Kristin McGee,10.0
Wed Feb 12 05:31:00 2020,Yoga Flow,Kristin McGee,20.0
Wed Feb 12 04:49:00 2020,Yoga Flow,Kristin McGee,30.0
Tue Feb 11 16:20:00 2020,Yoga Flow,Ross Rayburn,30.0
Tue Feb 11 15:32:00 2020,Yoga Flow,Denis Morton,20.0
Tue Feb 11 14:48:00 2020,Yoga Flow,Denis Morton,30.0
Tue Feb 11 04:47:00 2020,Power Yoga,Anna Greenberg,30.0
Mon Feb 10 16:18:00 2020,Yoga Flow,Kristin McGee,30.0
Mon Feb 10 14:48:00 2020,Yoga Flow,Ross Rayburn,30.0
Mon Feb 10 05:31:00 2020,Yoga Flow,Aditi Shah,20.0
Mon Feb 10 04:48:00 2020,Yoga Flow,Aditi Shah,30.0
Sun Feb  9 07:33:00 2020,Yoga Flow,Denis Morton,45.0
Sun Feb  9 06:18:00 2020,Yoga Flow,Aditi Shah,45.0
Sat Feb  8 07:35:00 2020,Yoga Flow,Ross Rayburn,75.0
Sat Feb  8 06:18:00 2020,Yoga Flow,Anna Greenberg,45.0
Fri Feb  7 05:32:00 2020,Yoga Flow,Ross Rayburn,20.0
Fri Feb  7 04:52:00 2020,Yoga Flow,Ross Rayburn,30.0
Thu Feb  6 16:18:00 2020,Yoga Flow,Aditi Shah,45.0
Thu Feb  6 15:31:00 2020,Yoga Flow,Anna Greenberg,20.0
Thu Feb  6 14:49:00 2020,Yoga Flow,Anna Greenberg,30.0
Thu Feb  6 13:20:00 2020,Yoga Flow,Anna Greenberg,10.0
Thu Feb  6 05:31:00 2020,Yoga Flow,Kristin McGee,20.0
Thu Feb  6 04:50:00 2020,Yoga Flow,Kristin McGee,30.0
Wed Feb  5 16:17:00 2020,Yoga Flow,Anna Greenberg,30.0
Wed Feb  5 14:48:00 2020,Yoga Flow,Aditi Shah,30.0
Wed Feb  5 04:47:00 2020,Power Yoga,Kristin McGee,30.0
Tue Feb  4 17:00:00 2020,Restorative Yoga,Ross Rayburn,10.0
Tue Feb  4 15:32:00 2020,Restorative Yoga,Denis Morton,20.0
Tue Feb  4 14:48:00 2020,Yoga Flow,Denis Morton,30.0
Tue Feb  4 08:08:00 2020,Yoga Flow,Aditi Shah,10.0
Tue Feb  4 05:32:00 2020,Restorative Yoga,Anna Greenberg,20.0
Tue Feb  4 04:48:00 2020,Yoga Flow,Anna Greenberg,30.0
Mon Feb  3 17:01:00 2020,Yoga Flow,Kristin McGee,10.0
Mon Feb  3 16:19:00 2020,Yoga Flow,Kristin McGee,30.0
Mon Feb  3 14:48:00 2020,Yoga Flow,Ross Rayburn,30.0
Mon Feb  3 13:22:00 2020,Yoga Anywhere,Ross Rayburn,10.0
Mon Feb  3 05:31:00 2020,Yoga Flow,Aditi Shah,20.0
Mon Feb  3 04:49:00 2020,Yoga Flow,Aditi Shah,30.0
Sun Feb  2 07:36:00 2020,Yoga Flow,Denis Morton,45.0
Sun Feb  2 06:22:00 2020,Yoga Flow,Kristin McGee,45.0
Sat Feb  1 07:32:00 2020,Yoga Flow,Ross Rayburn,45.0
Sat Feb  1 06:18:00 2020,Yoga Flow,Anna Greenberg,45.0
Fri Jan 31 07:53:00 2020,Yoga Flow,Aditi Shah,10.0
Fri Jan 31 05:31:00 2020,Yoga Flow,Ross Rayburn,20.0
Fri Jan 31 04:48:00 2020,Yoga Flow,Ross Rayburn,30.0
Thu Jan 30 16:19:00 2020,Yoga Flow,Aditi Shah,30.0
Thu Jan 30 14:49:00 2020,Yoga Flow,Aditi Shah,60.0
Thu Jan 30 06:02:00 2020,Yoga Flow,Kristin McGee,10.0
Thu Jan 30 05:31:00 2020,Restorative Yoga,Kristin McGee,20.0
Thu Jan 30 04:49:00 2020,Yoga Flow,Kristin McGee,30.0
Wed Jan 29 17:01:00 2020,Yoga Flow,Anna Greenberg,10.0
Wed Jan 29 16:18:00 2020,Yoga Flow,Anna Greenberg,30.0
Wed Jan 29 15:31:00 2020,Yoga Flow,Aditi Shah,20.0
Wed Jan 29 14:50:00 2020,Power Yoga,Aditi Shah,30.0
Wed Jan 29 05:32:00 2020,Restorative Yoga,Kristin McGee,20.0
Wed Jan 29 04:47:00 2020,Yoga Flow,Kristin McGee,30.0
Tue Jan 28 16:40:00 2020,Restorative Yoga,Ross Rayburn,30.0
Tue Jan 28 15:31:00 2020,Yoga Flow,Ross Rayburn,20.0
Tue Jan 28 14:49:00 2020,Yoga Flow,Ross Rayburn,30.0
Tue Jan 28 12:00:00 2020,Pre & Postnatal Yoga,Kristin McGee,10.0
Tue Jan 28 12:00:00 2020,Pre & Postnatal Yoga,Kristin McGee,20.0
Tue Jan 28 07:53:00 2020,Yoga Anywhere,Aditi Shah,10.0
Tue Jan 28 04:49:00 2020,Yoga Flow,Anna Greenberg,30.0
Mon Jan 27 17:01:00 2020,Yoga Flow,Kristin McGee,10.0
Mon Jan 27 16:19:00 2020,Yoga Flow,Kristin McGee,30.0
Mon Jan 27 15:22:00 2020,Yoga Flow,Ross Rayburn,30.0
Mon Jan 27 14:46:00 2020,Power Yoga,Ross Rayburn,20.0
Mon Jan 27 05:31:00 2020,Yoga Flow,Aditi Shah,20.0
Mon Jan 27 04:47:00 2020,Yoga Flow,Aditi Shah,28.0
Sun Jan 26 07:33:00 2020,Power Yoga,Kristin McGee,45.0
Sun Jan 26 06:18:00 2020,Yoga Flow,Aditi Shah,45.0
Sat Jan 25 07:33:00 2020,Yoga Flow,Ross Rayburn,45.0
Sat Jan 25 06:18:00 2020,Yoga Flow,Anna Greenberg,45.0
Fri Jan 24 08:18:00 2020,Yoga Anywhere,Kristin McGee,5.0
Fri Jan 24 05:32:00 2020,Restorative Yoga,Ross Rayburn,20.0
Fri Jan 24 04:48:00 2020,Yoga Flow,Ross Rayburn,30.0
Thu Jan 23 17:01:00 2020,Restorative Yoga,Aditi Shah,10.0
Thu Jan 23 16:18:00 2020,Yoga Flow,Aditi Shah,30.0
Thu Jan 23 15:21:00 2020,Restorative Yoga,Anna Greenberg,30.0
Thu Jan 23 14:49:00 2020,Power Yoga,Anna Greenberg,20.0
Thu Jan 23 07:49:00 2020,Yoga Flow,Ross Rayburn,10.0
Thu Jan 23 04:49:00 2020,Yoga Flow,Kristin McGee,45.0
Wed Jan 22 16:19:00 2020,Yoga Flow,Anna Greenberg,30.0
Wed Jan 22 15:31:00 2020,Yoga Flow,Aditi Shah,20.0
Wed Jan 22 14:49:00 2020,Yoga Flow,Aditi Shah,30.0
Wed Jan 22 04:48:00 2020,Yoga Flow,Kristin McGee,30.0
Tue Jan 21 16:19:00 2020,Yoga Flow,Kristin McGee,30.0
Tue Jan 21 15:32:00 2020,Yoga Flow,Denis Morton,20.0
Tue Jan 21 14:49:00 2020,Yoga Flow,Denis Morton,30.0
Tue Jan 21 05:32:00 2020,Yoga Flow,Anna Greenberg,20.0
Tue Jan 21 04:47:00 2020,Yoga Flow,Anna Greenberg,30.0
Mon Jan 20 07:53:00 2020,Yoga Anywhere,Anna Greenberg,10.0
Mon Jan 20 05:31:00 2020,Yoga Flow,Aditi Shah,20.0
Mon Jan 20 04:48:00 2020,Yoga Flow,Aditi Shah,30.0
Sun Jan 19 07:33:00 2020,Yoga Flow,Denis Morton,45.0
Sun Jan 19 06:17:00 2020,Yoga Flow,Aditi Shah,45.0
Sat Jan 18 07:35:00 2020,Yoga Flow,Kristin McGee,45.0
Sat Jan 18 06:18:00 2020,Power Yoga,Anna Greenberg,45.0
Fri Jan 17 04:48:00 2020,Yoga Flow,Kristin McGee,60.0
Thu Jan 16 17:01:00 2020,Yoga Flow,Aditi Shah,10.0
Thu Jan 16 16:19:00 2020,Power Yoga,Aditi Shah,30.0
Thu Jan 16 14:49:00 2020,Yoga Flow,Aditi Shah,30.0
Thu Jan 16 05:31:00 2020,Yoga Flow,Kristin McGee,20.0
Thu Jan 16 04:48:00 2020,Yoga Flow,Kristin McGee,30.0
Wed Jan 15 17:01:00 2020,Restorative Yoga,Anna Greenberg,10.0
Wed Jan 15 16:18:00 2020,Yoga Flow,Anna Greenberg,30.0
Wed Jan 15 15:32:00 2020,Yoga Flow,Anna Greenberg,20.0
Wed Jan 15 14:49:00 2020,Yoga Flow,Anna Greenberg,30.0
Wed Jan 15 05:31:00 2020,Yoga Flow,Kristin McGee,20.0
Wed Jan 15 04:49:00 2020,Yoga Flow,Kristin McGee,30.0
Tue Jan 14 15:32:00 2020,Yoga Flow,Denis Morton,20.0
Tue Jan 14 14:48:00 2020,Power Yoga,Denis Morton,30.0
Tue Jan 14 05:31:00 2020,Yoga Flow,Anna Greenberg,20.0
Tue Jan 14 04:48:00 2020,Yoga Flow,Anna Greenberg,30.0
Mon Jan 13 16:19:00 2020,Restorative Yoga,Kristin McGee,30.0
Mon Jan 13 14:49:00 2020,Power Yoga,Kristin McGee,45.0
Mon Jan 13 13:57:00 2020,Yoga Flow,Denis Morton,10.0
Mon Jan 13 13:42:00 2020,Yoga Flow,Denis Morton,10.0
Mon Jan 13 05:31:00 2020,Yoga Flow,Aditi Shah,20.0
Mon Jan 13 04:48:00 2020,Yoga Flow,Aditi Shah,30.0
Sun Jan 12 08:53:00 2020,Yoga Flow,Kristin McGee,10.0
Sun Jan 12 07:34:00 2020,Yoga Flow,Denis Morton,45.0
Sun Jan 12 06:17:00 2020,Yoga Flow,Aditi Shah,45.0
Sat Jan 11 07:34:00 2020,Yoga Flow,Ross Rayburn,45.0
Sat Jan 11 06:17:00 2020,Yoga Flow,Anna Greenberg,45.0
Fri Jan 10 05:31:00 2020,Yoga Flow,Ross Rayburn,20.0
Fri Jan 10 04:47:00 2020,Yoga Flow,Ross Rayburn,30.0
Thu Jan  9 17:00:00 2020,Restorative Yoga,Aditi Shah,10.0
Thu Jan  9 15:31:00 2020,Yoga Flow,Anna Greenberg,20.0
Thu Jan  9 14:50:00 2020,Yoga Flow,Anna Greenberg,30.0
Thu Jan  9 05:31:00 2020,Yoga Flow,Kristin McGee,20.0
Thu Jan  9 04:48:00 2020,Yoga Flow,Kristin McGee,30.0
Wed Jan  8 17:01:00 2020,Yoga Flow,Anna Greenberg,10.0
Wed Jan  8 16:19:00 2020,Yoga Flow,Anna Greenberg,30.0
Wed Jan  8 15:31:00 2020,Yoga Flow,Aditi Shah,20.0
Wed Jan  8 14:49:00 2020,Yoga Flow,Aditi Shah,30.0
Wed Jan  8 04:49:00 2020,Yoga Flow,Kristin McGee,45.0
Tue Jan  7 16:19:00 2020,Power Yoga,Ross Rayburn,30.0
Tue Jan  7 15:32:00 2020,Yoga Flow,Denis Morton,20.0
Tue Jan  7 14:49:00 2020,Yoga Flow,Denis Morton,30.0
Tue Jan  7 04:48:00 2020,Yoga Flow,Anna Greenberg,75.0
Mon Jan  6 17:01:00 2020,Yoga Flow,Kristin McGee,10.0
Mon Jan  6 16:20:00 2020,Yoga Flow,Kristin McGee,30.0
Mon Jan  6 15:31:00 2020,Yoga Flow,Ross Rayburn,20.0
Mon Jan  6 14:49:00 2020,Yoga Flow,Ross Rayburn,30.0
Mon Jan  6 13:22:00 2020,Yoga Flow,Ross Rayburn,10.0
Mon Jan  6 07:54:00 2020,Yoga Basics,Anna Greenberg,10.0
Mon Jan  6 05:31:00 2020,Yoga Flow,Aditi Shah,20.0
Mon Jan  6 04:47:00 2020,Yoga Flow,Aditi Shah,30.0
Sun Jan  5 08:47:00 2020,Yoga Anywhere,Kristin McGee,10.0
Sun Jan  5 08:40:00 2020,Yoga Basics,Kristin McGee,5.0
Sun Jan  5 07:36:00 2020,Power Yoga,Kristin McGee,45.0
Sun Jan  5 06:20:00 2020,Yoga Flow,Aditi Shah,45.0
Sat Jan  4 07:35:00 2020,Yoga Flow,Ross Rayburn,45.0
Sat Jan  4 06:18:00 2020,Yoga Flow,Anna Greenberg,45.0
Fri Jan  3 05:32:00 2020,Yoga Flow,Ross Rayburn,20.0
Fri Jan  3 04:49:00 2020,Yoga Flow,Ross Rayburn,30.0
Thu Jan  2 16:19:00 2020,Yoga Flow,Aditi Shah,30.0
Thu Jan  2 15:31:00 2020,Yoga Flow,Anna Greenberg,20.0
Thu Jan  2 14:49:00 2020,Yoga Flow,Anna Greenberg,30.0
Thu Jan  2 05:31:00 2020,Yoga Flow,Kristin McGee,20.0
Thu Jan  2 04:49:00 2020,Yoga Flow,Kristin McGee,30.0
Wed Jan  1 07:34:00 2020,Yoga Flow,Aditi Shah,30.0
Tue Dec 31 08:06:00 2019,Yoga Flow,Anna Greenberg,30.0
Tue Dec 31 07:33:00 2019,Yoga Flow,Anna Greenberg,20.0
Mon Dec 30 14:48:00 2019,Yoga Flow,Ross Rayburn,30.0
Mon Dec 30 08:16:00 2019,Restorative Yoga,Aditi Shah,20.0
Mon Dec 30 07:34:00 2019,Yoga Flow,Aditi Shah,30.0
Sun Dec 29 07:32:00 2019,Yoga Flow,Denis Morton,45.0
Sun Dec 29 06:18:00 2019,Yoga Flow,Aditi Shah,45.0
Sat Dec 28 07:33:00 2019,Yoga Flow,Ross Rayburn,45.0
Sat Dec 28 06:19:00 2019,Yoga Flow,Anna Greenberg,45.0
Fri Dec 27 13:24:00 2019,Yoga Flow,Kristin McGee,30.0
Fri Dec 27 08:16:00 2019,Yoga Flow,Ross Rayburn,20.0
Fri Dec 27 07:33:00 2019,Yoga Flow,Ross Rayburn,30.0
Thu Dec 26 16:19:00 2019,Yoga Flow,Aditi Shah,30.0
Thu Dec 26 15:31:00 2019,Yoga Flow,Anna Greenberg,20.0
Thu Dec 26 14:48:00 2019,Yoga Flow,Anna Greenberg,30.0
Thu Dec 26 07:33:00 2019,Yoga Flow,Ross Rayburn,30.0
Tue Dec 24 04:50:00 2019,Yoga Flow,Anna Greenberg,30.0
Mon Dec 23 16:19:00 2019,Yoga Flow,Ross Rayburn,30.0
Mon Dec 23 15:31:00 2019,Yoga Flow,Ross Rayburn,20.0
Mon Dec 23 14:47:00 2019,Yoga Flow,Ross Rayburn,30.0
Mon Dec 23 05:31:00 2019,Yoga Flow,Aditi Shah,20.0
Mon Dec 23 04:48:00 2019,Yoga Flow,Aditi Shah,30.0
Sun Dec 22 07:30:00 2019,Power Yoga,Denis Morton,45.0
Sun Dec 22 06:18:00 2019,Yoga Flow,Aditi Shah,45.0
Sat Dec 21 07:34:00 2019,Yoga Flow,Ross Rayburn,45.0
Sat Dec 21 06:19:00 2019,Yoga Flow,Anna Greenberg,45.0
Fri Dec 20 08:00:00 2019,Yoga Flow,Aditi Shah,30.0
Fri Dec 20 05:32:00 2019,Restorative Yoga,Ross Rayburn,20.0
Fri Dec 20 04:47:00 2019,Yoga Flow,Ross Rayburn,30.0
Thu Dec 19 16:18:00 2019,Yoga Flow,Aditi Shah,30.0
Thu Dec 19 14:49:00 2019,Yoga Flow,Anna Greenberg,30.0
Thu Dec 19 05:31:00 2019,Yoga Flow,Kristin McGee,20.0
Thu Dec 19 04:47:00 2019,Yoga Flow,Kristin McGee,30.0
Wed Dec 18 16:19:00 2019,Yoga Flow,Anna Greenberg,30.0
Wed Dec 18 14:48:00 2019,Yoga Flow,Aditi Shah,60.0
Wed Dec 18 05:31:00 2019,Yoga Flow,Kristin McGee,20.0
Wed Dec 18 04:49:00 2019,Power Yoga,Kristin McGee,30.0
Tue Dec 17 16:18:00 2019,Yoga Flow,Ross Rayburn,30.0
Tue Dec 17 15:32:00 2019,Yoga Flow,Denis Morton,20.0
Tue Dec 17 14:49:00 2019,Yoga Flow,Denis Morton,30.0
Tue Dec 17 05:31:00 2019,Yoga Flow,Kristin McGee,20.0
Tue Dec 17 04:49:00 2019,Yoga Flow,Kristin McGee,30.0
Mon Dec 16 16:19:00 2019,Yoga Flow,Kristin McGee,30.0
Mon Dec 16 15:31:00 2019,Yoga Flow,Ross Rayburn,20.0
Mon Dec 16 14:47:00 2019,Yoga Flow,Ross Rayburn,30.0
Mon Dec 16 05:31:00 2019,Yoga Flow,Aditi Shah,20.0
Mon Dec 16 04:48:00 2019,Yoga Flow,Aditi Shah,30.0
Sun Dec 15 07:33:00 2019,Yoga Flow,Denis Morton,45.0
Sun Dec 15 06:17:00 2019,Power Yoga,Aditi Shah,45.0
Sat Dec 14 07:34:00 2019,Yoga Flow,Kristin McGee,45.0
Fri Dec 13 07:58:00 2019,Yoga Flow,Kristin McGee,20.0
Fri Dec 13 05:31:00 2019,Yoga Flow,Ross Rayburn,20.0
Fri Dec 13 04:48:00 2019,Yoga Flow,Ross Rayburn,30.0
Thu Dec 12 04:47:00 2019,Yoga Flow,Ross Rayburn,45.0
Wed Dec 11 16:20:00 2019,Yoga Flow,Anna Greenberg,30.0
Wed Dec 11 14:48:00 2019,Yoga Flow,Anna Greenberg,45.0
Wed Dec 11 05:21:00 2019,Yoga Flow,Kristin McGee,30.0
Wed Dec 11 04:48:00 2019,Yoga Flow,Kristin McGee,20.0
Tue Dec 10 15:32:00 2019,Power Yoga,Denis Morton,20.0
Tue Dec 10 14:49:00 2019,Yoga Flow,Denis Morton,30.0
Tue Dec 10 08:00:00 2019,Pre & Postnatal Yoga,Kristin McGee,20.0
Tue Dec 10 08:00:00 2019,Pre & Postnatal Yoga,Kristin McGee,10.0
Tue Dec 10 04:48:00 2019,Yoga Flow,Anna Greenberg,30.0
Mon Dec  9 16:18:00 2019,Yoga Flow,Kristin McGee,30.0
Mon Dec  9 14:47:00 2019,Power Yoga,Ross Rayburn,30.0
Mon Dec  9 05:31:00 2019,Yoga Flow,Anna Greenberg,20.0
Mon Dec  9 04:48:00 2019,Yoga Flow,Anna Greenberg,30.0
Sun Dec  8 07:34:00 2019,Yoga Flow,Denis Morton,45.0
Sun Dec  8 06:20:00 2019,Yoga Flow,Kristin McGee,45.0
Sat Dec  7 07:35:00 2019,Yoga Flow,Ross Rayburn,60.0
Sat Dec  7 06:20:00 2019,Power Yoga,Anna Greenberg,45.0
Fri Dec  6 08:00:00 2019,Yoga Flow,Anna Greenberg,20.0
Fri Dec  6 05:31:00 2019,Yoga Flow,Ross Rayburn,20.0
Fri Dec  6 04:47:00 2019,Yoga Flow,Ross Rayburn,30.0
Thu Dec  5 16:20:00 2019,Restorative Yoga,Anna Greenberg,30.0
Thu Dec  5 14:49:00 2019,Yoga Flow,Anna Greenberg,60.0
Thu Dec  5 06:56:00 2019,Yoga Anywhere,Ross Rayburn,10.0
Thu Dec  5 05:32:00 2019,Yoga Flow,Kristin McGee,20.0
Thu Dec  5 04:50:00 2019,Yoga Flow,Kristin McGee,30.0
Wed Dec  4 15:31:00 2019,Yoga Flow,Anna Greenberg,20.0
Wed Dec  4 14:48:00 2019,Yoga Flow,Anna Greenberg,30.0
Wed Dec  4 04:50:00 2019,Power Yoga,Kristin McGee,45.0
Tue Dec  3 15:32:00 2019,Yoga Flow,Denis Morton,20.0
Tue Dec  3 14:48:00 2019,Yoga Flow,Denis Morton,30.0
Tue Dec  3 05:31:00 2019,Yoga Flow,Anna Greenberg,20.0
Tue Dec  3 04:48:00 2019,Yoga Flow,Anna Greenberg,30.0
Mon Dec  2 16:18:00 2019,Yoga Flow,Kristin McGee,30.0
Mon Dec  2 14:49:00 2019,Yoga Flow,Kristin McGee,30.0
Mon Dec  2 04:49:00 2019,Yoga Flow,Anna Greenberg,30.0
Sun Dec  1 07:33:00 2019,Yoga Flow,Denis Morton,45.0
Sun Dec  1 06:20:00 2019,Yoga Flow,Kristin McGee,45.0
Sat Nov 30 07:33:00 2019,Yoga Flow,Kristin McGee,45.0
Sat Nov 30 06:18:00 2019,Yoga Flow,Anna Greenberg,45.0
Fri Nov 29 07:51:00 2019,Yoga Anywhere,Ross Rayburn,5.0
Fri Nov 29 05:18:00 2019,Power Yoga,Kristin McGee,75.0
Thu Nov 28 08:45:00 2019,Yoga Flow,Anna Greenberg,30.0
Thu Nov 28 05:44:00 2019,Yoga Flow,Ross Rayburn,30.0
Wed Nov 27 04:49:00 2019,Yoga Flow,Kristin McGee,30.0
Tue Nov 26 15:32:00 2019,Restorative Yoga,Denis Morton,20.0
Tue Nov 26 14:50:00 2019,Power Yoga,Denis Morton,30.0
Tue Nov 26 08:09:00 2019,Yoga Flow,Aditi Shah,10.0
Tue Nov 26 05:32:00 2019,Yoga Flow,Anna Greenberg,20.0
Tue Nov 26 04:47:00 2019,Yoga Flow,Anna Greenberg,30.0
Mon Nov 25 16:18:00 2019,Yoga Flow,Kristin McGee,30.0
Mon Nov 25 15:31:00 2019,Yoga Flow,Ross Rayburn,20.0
Mon Nov 25 14:48:00 2019,Yoga Flow,Ross Rayburn,30.0
Mon Nov 25 04:48:00 2019,Yoga Flow,Aditi Shah,30.0
Sun Nov 24 08:45:00 2019,Yoga Basics,Kristin McGee,5.0
Sun Nov 24 07:35:00 2019,Yoga Flow,Denis Morton,45.0
Sun Nov 24 06:20:00 2019,Power Yoga,Aditi Shah,45.0
Sat Nov 23 07:34:00 2019,Yoga Flow,Ross Rayburn,45.0
Sat Nov 23 06:18:00 2019,Yoga Flow,Anna Greenberg,45.0
Fri Nov 22 06:54:00 2019,Yoga Flow,Ross Rayburn,10.0
Fri Nov 22 05:32:00 2019,Restorative Yoga,Ross Rayburn,20.0
Fri Nov 22 04:47:00 2019,Yoga Flow,Ross Rayburn,30.0
Thu Nov 21 16:19:00 2019,Yoga Flow,Aditi Shah,30.0
Thu Nov 21 15:31:00 2019,Yoga Flow,Anna Greenberg,20.0
Thu Nov 21 14:48:00 2019,Yoga Flow,Anna Greenberg,30.0
Thu Nov 21 04:47:00 2019,Yoga Flow,Ross Rayburn,30.0
Wed Nov 20 15:31:00 2019,Yoga Flow,Aditi Shah,20.0
Wed Nov 20 14:49:00 2019,Yoga Flow,Aditi Shah,30.0
Wed Nov 20 04:49:00 2019,Yoga Flow,Anna Greenberg,60.0
Tue Nov 19 16:19:00 2019,Power Yoga,Aditi Shah,30.0
Tue Nov 19 15:32:00 2019,Yoga Flow,Denis Morton,20.0
Tue Nov 19 14:48:00 2019,Yoga Flow,Denis Morton,30.0
Tue Nov 19 06:16:00 2019,Yoga Anywhere,Anna Greenberg,5.0
Tue Nov 19 05:31:00 2019,Yoga Flow,Anna Greenberg,20.0
Tue Nov 19 04:48:00 2019,Yoga Flow,Anna Greenberg,30.0
Mon Nov 18 16:19:00 2019,Yoga Flow,Kristin McGee,30.0
Mon Nov 18 15:31:00 2019,Yoga Flow,Anna Greenberg,20.0
Mon Nov 18 14:47:00 2019,Yoga Flow,Anna Greenberg,30.0
Mon Nov 18 05:31:00 2019,Yoga Flow,Aditi Shah,20.0
Mon Nov 18 04:48:00 2019,Yoga Flow,Aditi Shah,30.0
Sun Nov 17 07:32:00 2019,Yoga Flow,Denis Morton,45.0
Sun Nov 17 06:18:00 2019,Yoga Flow,Kristin McGee,45.0
Sat Nov 16 06:17:00 2019,Yoga Flow,Anna Greenberg,45.0
Fri Nov 15 05:31:00 2019,Yoga Flow,Kristin McGee,20.0
Fri Nov 15 04:49:00 2019,Yoga Flow,Kristin McGee,30.0
Thu Nov 14 16:19:00 2019,Yoga Flow,Aditi Shah,30.0
Thu Nov 14 14:49:00 2019,Yoga Flow,Anna Greenberg,30.0
Thu Nov 14 07:51:00 2019,Power Yoga,Ross Rayburn,10.0
Thu Nov 14 04:50:00 2019,Power Yoga,Kristin McGee,30.0
Wed Nov 13 14:48:00 2019,Yoga Flow,Aditi Shah,30.0
Wed Nov 13 05:31:00 2019,Yoga Flow,Kristin McGee,20.0
Wed Nov 13 04:49:00 2019,Yoga Flow,Kristin McGee,30.0
Tue Nov 12 16:18:00 2019,Yoga Flow,Ross Rayburn,30.0
Tue Nov 12 15:32:00 2019,Yoga Flow,Denis Morton,20.0
Tue Nov 12 14:48:00 2019,Yoga Flow,Denis Morton,30.0
Tue Nov 12 07:43:00 2019,Yoga Anywhere,Aditi Shah,10.0
Tue Nov 12 07:27:00 2019,Yoga Flow,Aditi Shah,10.0
Tue Nov 12 05:31:00 2019,Power Yoga,Anna Greenberg,20.0
Tue Nov 12 04:49:00 2019,Power Yoga,Anna Greenberg,30.0
Mon Nov 11 16:18:00 2019,Power Yoga,Kristin McGee,30.0
Mon Nov 11 15:31:00 2019,Yoga Flow,Ross Rayburn,20.0
Mon Nov 11 14:49:00 2019,Yoga Flow,Ross Rayburn,30.0
Mon Nov 11 05:31:00 2019,Yoga Flow,Aditi Shah,20.0
Mon Nov 11 04:49:00 2019,Yoga Flow,Aditi Shah,30.0
Sun Nov 10 07:32:00 2019,Yoga Flow,Denis Morton,45.0
Sun Nov 10 06:18:00 2019,Yoga Flow,Kristin McGee,45.0
Sat Nov  9 07:32:00 2019,Power Yoga,Ross Rayburn,45.0
Sat Nov  9 06:17:00 2019,Yoga Flow,Anna Greenberg,45.0
Fri Nov  8 05:31:00 2019,Yoga Flow,Ross Rayburn,20.0
Fri Nov  8 04:48:00 2019,Yoga Flow,Ross Rayburn,30.0
Thu Nov  7 16:19:00 2019,Yoga Flow,Aditi Shah,30.0
Thu Nov  7 15:31:00 2019,Restorative Yoga,Anna Greenberg,20.0
Thu Nov  7 14:49:00 2019,Yoga Flow,Anna Greenberg,30.0
Thu Nov  7 10:08:00 2019,Yoga Basics,Anna Greenberg,10.0
Thu Nov  7 07:00:00 2019,Pre & Postnatal Yoga,Kristin McGee,20.0
Thu Nov  7 07:00:00 2019,Pre & Postnatal Yoga,Kristin McGee,10.0
Thu Nov  7 07:00:00 2019,Pre & Postnatal Yoga,Kristin McGee,10.0
Thu Nov  7 07:00:00 2019,Pre & Postnatal Yoga,Kristin McGee,10.0
Thu Nov  7 10:00:00 2019,Pre & Postnatal Yoga,Kristin McGee,30.0
Thu Nov  7 07:00:00 2019,Pre & Postnatal Yoga,Kristin McGee,10.0
Thu Nov  7 07:00:00 2019,Pre & Postnatal Yoga,Kristin McGee,20.0
Thu Nov  7 07:00:00 2019,Pre & Postnatal Yoga,Kristin McGee,10.0
Thu Nov  7 07:00:00 2019,Pre & Postnatal Yoga,Kristin McGee,20.0
Thu Nov  7 07:00:00 2019,Pre & Postnatal Yoga,Kristin McGee,10.0
Thu Nov  7 06:02:00 2019,Yoga Anywhere,Kristin McGee,5.0
Thu Nov  7 05:31:00 2019,Yoga Flow,Kristin McGee,20.0
Thu Nov  7 04:47:00 2019,Yoga Flow,Kristin McGee,30.0
Wed Nov  6 16:19:00 2019,Yoga Flow,Anna Greenberg,30.0
Wed Nov  6 14:48:00 2019,Yoga Flow,Ross Rayburn,30.0
Wed Nov  6 05:31:00 2019,Power Yoga,Kristin McGee,20.0
Wed Nov  6 04:48:00 2019,Yoga Flow,Kristin McGee,30.0
Tue Nov  5 16:17:00 2019,Yoga Flow,Aditi Shah,30.0
Tue Nov  5 15:32:00 2019,Yoga Flow,Denis Morton,20.0
Tue Nov  5 14:48:00 2019,Yoga Flow,Denis Morton,30.0
Tue Nov  5 09:26:00 2019,Yoga Flow,Denis Morton,10.0
Tue Nov  5 12:03:00 2019,Yoga Flow,Denis Morton,10.0
Tue Nov  5 12:21:00 2019,Yoga Flow,Denis Morton,10.0
Tue Nov  5 09:46:00 2019,Yoga Flow,Denis Morton,20.0
Tue Nov  5 13:25:00 2019,Yoga Flow,Denis Morton,20.0
Tue Nov  5 12:42:00 2019,Yoga Flow,Denis Morton,30.0
Tue Nov  5 04:49:00 2019,Yoga Flow,Anna Greenberg,30.0
Mon Nov  4 16:19:00 2019,Restorative Yoga,Kristin McGee,30.0
Mon Nov  4 15:31:00 2019,Yoga Flow,Ross Rayburn,20.0
Mon Nov  4 14:49:00 2019,Yoga Flow,Ross Rayburn,30.0
Mon Nov  4 05:31:00 2019,Yoga Flow,Aditi Shah,20.0
Mon Nov  4 04:48:00 2019,Yoga Flow,Aditi Shah,30.0
Sun Nov  3 07:34:00 2019,Yoga Flow,Kristin McGee,45.0
Sun Nov  3 06:19:00 2019,Yoga Flow,Aditi Shah,45.0
Sat Nov  2 07:33:00 2019,Yoga Flow,Ross Rayburn,45.0
Sat Nov  2 06:18:00 2019,Yoga Flow,Anna Greenberg,45.0
Fri Nov  1 05:31:00 2019,Yoga Flow,Ross Rayburn,20.0
Fri Nov  1 04:50:00 2019,Yoga Flow,Ross Rayburn,30.0
Thu Oct 31 16:19:00 2019,Yoga Flow,Aditi Shah,30.0
Thu Oct 31 15:21:00 2019,Yoga Flow,Anna Greenberg,30.0
Thu Oct 31 14:49:00 2019,Yoga Flow,Anna Greenberg,20.0
Thu Oct 31 04:46:00 2019,Yoga Flow,Kristin McGee,45.0
Wed Oct 30 16:19:00 2019,Yoga Flow,Anna Greenberg,30.0
Wed Oct 30 14:49:00 2019,Yoga Flow,Aditi Shah,45.0
Wed Oct 30 05:31:00 2019,Yoga Flow,Kristin McGee,20.0
Wed Oct 30 04:49:00 2019,Yoga Flow,Kristin McGee,30.0
Tue Oct 29 16:21:00 2019,Yoga Flow,Ross Rayburn,30.0
Tue Oct 29 15:32:00 2019,Yoga Flow,Denis Morton,20.0
Tue Oct 29 14:48:00 2019,Yoga Flow,Denis Morton,30.0
Tue Oct 29 04:49:00 2019,Power Yoga,Anna Greenberg,30.0
Mon Oct 28 16:19:00 2019,Yoga Flow,Kristin McGee,30.0
Mon Oct 28 15:21:00 2019,Yoga Flow,Ross Rayburn,30.0
Mon Oct 28 14:49:00 2019,Power Yoga,Ross Rayburn,20.0
Mon Oct 28 13:23:00 2019,Yoga Flow,Ross Rayburn,10.0
Mon Oct 28 09:16:00 2019,Yoga Flow,Anna Greenberg,10.0
Mon Oct 28 08:50:00 2019,Yoga Basics,Anna Greenberg,5.0
Mon Oct 28 05:31:00 2019,Restorative Yoga,Aditi Shah,20.0
Mon Oct 28 04:50:00 2019,Yoga Flow,Aditi Shah,30.0
Sun Oct 27 09:02:00 2019,Yoga Basics,Kristin McGee,10.0
Sun Oct 27 07:34:00 2019,Yoga Flow,Denis Morton,45.0
Sun Oct 27 06:21:00 2019,Yoga Flow,Aditi Shah,45.0
Sat Oct 26 07:34:00 2019,Yoga Flow,Ross Rayburn,45.0
Sat Oct 26 06:19:00 2019,Yoga Flow,Anna Greenberg,45.0
Fri Oct 25 05:32:00 2019,Restorative Yoga,Ross Rayburn,20.0
Fri Oct 25 04:48:00 2019,Power Yoga,Ross Rayburn,30.0
Thu Oct 24 16:21:00 2019,Yoga Flow,Aditi Shah,30.0
Thu Oct 24 15:31:00 2019,Yoga Flow,Anna Greenberg,20.0
Thu Oct 24 14:49:00 2019,Yoga Flow,Anna Greenberg,30.0
Thu Oct 24 05:31:00 2019,Yoga Flow,Kristin McGee,20.0
Thu Oct 24 04:48:00 2019,Yoga Flow,Kristin McGee,30.0
Wed Oct 23 16:19:00 2019,Yoga Flow,Anna Greenberg,30.0
Wed Oct 23 15:31:00 2019,Yoga Flow,Aditi Shah,20.0
Wed Oct 23 14:48:00 2019,Yoga Flow,Aditi Shah,30.0
Wed Oct 23 13:27:00 2019,Yoga Flow,Aditi Shah,10.0
Wed Oct 23 04:49:00 2019,Yoga Flow,Kristin McGee,45.0
Tue Oct 22 16:19:00 2019,Yoga Flow,Ross Rayburn,30.0
Tue Oct 22 15:32:00 2019,Restorative Yoga,Denis Morton,20.0
Tue Oct 22 14:48:00 2019,Power Yoga,Denis Morton,30.0
Tue Oct 22 05:31:00 2019,Yoga Flow,Anna Greenberg,20.0
Tue Oct 22 04:48:00 2019,Yoga Flow,Anna Greenberg,30.0
Mon Oct 21 16:19:00 2019,Yoga Flow,Kristin McGee,30.0
Mon Oct 21 15:31:00 2019,Yoga Flow,Ross Rayburn,20.0
Mon Oct 21 14:49:00 2019,Yoga Flow,Ross Rayburn,30.0
Mon Oct 21 13:50:00 2019,Yoga Anywhere,Ross Rayburn,10.0
Mon Oct 21 13:31:00 2019,Yoga Flow,Ross Rayburn,10.0
Mon Oct 21 05:31:00 2019,Yoga Flow,Aditi Shah,20.0
Mon Oct 21 04:50:00 2019,Yoga Flow,Aditi Shah,30.0
Sun Oct 20 07:34:00 2019,Yoga Flow,Denis Morton,60.0
Sun Oct 20 06:19:00 2019,Yoga Flow,Kristin McGee,45.0
Sat Oct 19 07:34:00 2019,Yoga Flow,Ross Rayburn,45.0
Sat Oct 19 06:19:00 2019,Power Yoga,Anna Greenberg,45.0
Fri Oct 18 04:48:00 2019,Yoga Flow,Ross Rayburn,30.0
Thu Oct 17 16:20:00 2019,Yoga Flow,Aditi Shah,30.0
Thu Oct 17 15:31:00 2019,Yoga Flow,Anna Greenberg,20.0
Thu Oct 17 14:48:00 2019,Yoga Flow,Anna Greenberg,30.0
Thu Oct 17 05:31:00 2019,Yoga Flow,Kristin McGee,20.0
Thu Oct 17 04:49:00 2019,Yoga Flow,Kristin McGee,30.0
Wed Oct 16 16:19:00 2019,Yoga Flow,Anna Greenberg,30.0
Wed Oct 16 15:31:00 2019,Yoga Flow,Aditi Shah,20.0
Wed Oct 16 14:52:00 2019,Yoga Flow,Aditi Shah,30.0
Wed Oct 16 13:23:00 2019,Yoga Basics,Aditi Shah,5.0
Wed Oct 16 04:48:00 2019,Yoga Flow,Kristin McGee,45.0
Tue Oct 15 16:19:00 2019,Yoga Flow,Ross Rayburn,30.0
Tue Oct 15 15:32:00 2019,Yoga Flow,Denis Morton,20.0
Tue Oct 15 14:48:00 2019,Yoga Flow,Denis Morton,30.0
Tue Oct 15 05:31:00 2019,Yoga Flow,Anna Greenberg,20.0
Tue Oct 15 04:49:00 2019,Yoga Flow,Anna Greenberg,30.0
Mon Oct 14 16:19:00 2019,Yoga Flow,Ross Rayburn,30.0
Mon Oct 14 15:31:00 2019,Yoga Flow,Ross Rayburn,20.0
Mon Oct 14 14:48:00 2019,Power Yoga,Ross Rayburn,30.0
Mon Oct 14 08:54:00 2019,Yoga Flow,Anna Greenberg,10.0
Mon Oct 14 05:31:00 2019,Yoga Flow,Aditi Shah,20.0
Mon Oct 14 04:48:00 2019,Yoga Flow,Aditi Shah,30.0
Sun Oct 13 07:33:00 2019,Yoga Flow,Denis Morton,45.0
Sun Oct 13 06:18:00 2019,Yoga Flow,Aditi Shah,45.0
Sat Oct 12 06:18:00 2019,Yoga Flow,Anna Greenberg,60.0
Fri Oct 11 05:31:00 2019,Yoga Flow,Ross Rayburn,20.0
Fri Oct 11 04:47:00 2019,Yoga Flow,Ross Rayburn,30.0
Thu Oct 10 16:18:00 2019,Yoga Flow,Aditi Shah,30.0
Thu Oct 10 15:31:00 2019,Yoga Flow,Anna Greenberg,20.0
Thu Oct 10 14:49:00 2019,Power Yoga,Anna Greenberg,30.0
Thu Oct 10 05:32:00 2019,Yoga Flow,Kristin McGee,20.0
Thu Oct 10 04:47:00 2019,Yoga Flow,Kristin McGee,30.0
Wed Oct  9 16:19:00 2019,Yoga Flow,Anna Greenberg,30.0
Wed Oct  9 15:31:00 2019,Yoga Flow,Aditi Shah,20.0
Wed Oct  9 14:47:00 2019,Yoga Flow,Aditi Shah,30.0
Wed Oct  9 06:51:00 2019,Yoga Flow,Kristin McGee,10.0
Wed Oct  9 05:47:00 2019,Restorative Yoga,Kristin McGee,10.0
Wed Oct  9 04:48:00 2019,Power Yoga,Kristin McGee,45.0
Tue Oct  8 16:19:00 2019,Yoga Flow,Ross Rayburn,30.0
Tue Oct  8 15:32:00 2019,Power Yoga,Denis Morton,20.0
Tue Oct  8 14:49:00 2019,Power Yoga,Denis Morton,30.0
Tue Oct  8 07:29:00 2019,Yoga Anywhere,Aditi Shah,5.0
Tue Oct  8 05:31:00 2019,Restorative Yoga,Anna Greenberg,20.0
Tue Oct  8 04:48:00 2019,Yoga Flow,Anna Greenberg,30.0
Mon Oct  7 16:19:00 2019,Yoga Flow,Kristin McGee,30.0
Mon Oct  7 15:31:00 2019,Yoga Flow,Ross Rayburn,20.0
Mon Oct  7 14:47:00 2019,Yoga Flow,Ross Rayburn,30.0
Mon Oct  7 13:47:00 2019,Yoga Basics,Ross Rayburn,5.0
Mon Oct  7 04:49:00 2019,Yoga Flow,Aditi Shah,30.0
Sun Oct  6 07:34:00 2019,Power Yoga,Kristin McGee,60.0
Sun Oct  6 06:20:00 2019,Yoga Flow,Anna Greenberg,45.0
Sat Oct  5 07:32:00 2019,Yoga Flow,Ross Rayburn,45.0
Sat Oct  5 06:18:00 2019,Yoga Flow,Aditi Shah,45.0
Fri Oct  4 05:31:00 2019,Yoga Flow,Ross Rayburn,20.0
Fri Oct  4 04:47:00 2019,Yoga Flow,Ross Rayburn,30.0
Thu Oct  3 16:20:00 2019,Restorative Yoga,Aditi Shah,30.0
Thu Oct  3 15:31:00 2019,Yoga Flow,Anna Greenberg,20.0
Thu Oct  3 14:49:00 2019,Yoga Flow,Anna Greenberg,30.0
Thu Oct  3 13:21:00 2019,Yoga Basics,Anna Greenberg,5.0
Thu Oct  3 05:31:00 2019,Yoga Flow,Kristin McGee,20.0
Thu Oct  3 04:48:00 2019,Yoga Flow,Kristin McGee,30.0
Wed Oct  2 16:19:00 2019,Yoga Flow,Anna Greenberg,30.0
Wed Oct  2 15:31:00 2019,Yoga Flow,Aditi Shah,20.0
Wed Oct  2 14:50:00 2019,Yoga Flow,Aditi Shah,30.0
Wed Oct  2 04:49:00 2019,Yoga Flow,Kristin McGee,45.0
Tue Oct  1 16:18:00 2019,Yoga Flow,Ross Rayburn,30.0
Tue Oct  1 15:32:00 2019,Yoga Flow,Denis Morton,20.0
Tue Oct  1 14:52:00 2019,Yoga Flow,Denis Morton,30.0
Tue Oct  1 05:31:00 2019,Yoga Flow,Anna Greenberg,20.0
Tue Oct  1 04:48:00 2019,Yoga Flow,Anna Greenberg,30.0
Mon Sep 30 16:19:00 2019,Yoga Flow,Kristin McGee,30.0
Mon Sep 30 15:31:00 2019,Yoga Flow,Ross Rayburn,20.0
Mon Sep 30 14:48:00 2019,Yoga Flow,Ross Rayburn,30.0
Mon Sep 30 05:31:00 2019,Restorative Yoga,Aditi Shah,20.0
Mon Sep 30 04:49:00 2019,Yoga Flow,Aditi Shah,30.0
Sun Sep 29 08:56:00 2019,Yoga Basics,Aditi Shah,5.0
Sun Sep 29 07:33:00 2019,Yoga Flow,Denis Morton,45.0
Sun Sep 29 06:19:00 2019,Yoga Flow,Kristin McGee,45.0
Sat Sep 28 07:33:00 2019,Yoga Flow,Ross Rayburn,45.0
Sat Sep 28 06:20:00 2019,Yoga Flow,Anna Greenberg,45.0
Fri Sep 27 05:31:00 2019,Yoga Flow,Ross Rayburn,20.0
Fri Sep 27 04:49:00 2019,Yoga Flow,Ross Rayburn,30.0
Thu Sep 26 15:31:00 2019,Yoga Flow,Anna Greenberg,20.0
Thu Sep 26 14:48:00 2019,Yoga Flow,Anna Greenberg,30.0
Thu Sep 26 13:44:00 2019,Yoga Anywhere,Anna Greenberg,10.0
Thu Sep 26 09:37:00 2019,Restorative Yoga,Aditi Shah,10.0
Thu Sep 26 09:22:00 2019,Yoga Flow,Aditi Shah,10.0
Thu Sep 26 07:17:00 2019,Yoga Basics,Ross Rayburn,5.0
Thu Sep 26 05:31:00 2019,Yoga Flow,Kristin McGee,20.0
Thu Sep 26 04:49:00 2019,Yoga Flow,Kristin McGee,30.0
Wed Sep 25 16:19:00 2019,Yoga Flow,Anna Greenberg,30.0
Wed Sep 25 15:30:00 2019,Yoga Flow,Aditi Shah,20.0
Wed Sep 25 14:49:00 2019,Yoga Flow,Aditi Shah,30.0
Wed Sep 25 05:31:00 2019,Restorative Yoga,Kristin McGee,20.0
Wed Sep 25 04:49:00 2019,Yoga Flow,Kristin McGee,30.0
Tue Sep 24 15:31:00 2019,Yoga Flow,Denis Morton,20.0
Tue Sep 24 14:48:00 2019,Yoga Flow,Denis Morton,30.0
Tue Sep 24 05:31:00 2019,Restorative Yoga,Ross Rayburn,20.0
Tue Sep 24 04:47:00 2019,Yoga Flow,Ross Rayburn,30.0
Mon Sep 23 16:19:00 2019,Yoga Flow,Kristin McGee,30.0
Mon Sep 23 15:31:00 2019,Yoga Flow,Anna Greenberg,20.0
Mon Sep 23 14:49:00 2019,Yoga Flow,Anna Greenberg,30.0
Mon Sep 23 12:24:00 2019,Yoga Flow,Ross Rayburn,10.0
Mon Sep 23 07:12:00 2019,Yoga Flow,Anna Greenberg,10.0
Mon Sep 23 05:31:00 2019,Restorative Yoga,Aditi Shah,20.0
Mon Sep 23 04:49:00 2019,Yoga Flow,Aditi Shah,30.0
Sun Sep 22 07:32:00 2019,Yoga Flow,Denis Morton,45.0
Sun Sep 22 06:18:00 2019,Yoga Flow,Kristin McGee,45.0
Sat Sep 21 07:33:00 2019,Yoga Flow,Ross Rayburn,45.0
Sat Sep 21 06:19:00 2019,Power Yoga,Anna Greenberg,45.0
Fri Sep 20 05:31:00 2019,Yoga Flow,Ross Rayburn,20.0
Fri Sep 20 04:50:00 2019,Yoga Flow,Ross Rayburn,30.0
Thu Sep 19 16:19:00 2019,Yoga Flow,Aditi Shah,30.0
Thu Sep 19 15:31:00 2019,Yoga Flow,Anna Greenberg,20.0
Thu Sep 19 14:48:00 2019,Yoga Flow,Anna Greenberg,30.0
Thu Sep 19 06:49:00 2019,Yoga Flow,Ross Rayburn,10.0
Thu Sep 19 05:32:00 2019,Restorative Yoga,Kristin McGee,20.0
Thu Sep 19 04:47:00 2019,Power Yoga,Kristin McGee,30.0
Wed Sep 18 16:18:00 2019,Yoga Flow,Anna Greenberg,30.0
Wed Sep 18 14:49:00 2019,Yoga Flow,Aditi Shah,30.0
Wed Sep 18 05:31:00 2019,Yoga Flow,Kristin McGee,20.0
Wed Sep 18 04:48:00 2019,Yoga Flow,Kristin McGee,30.0
Tue Sep 17 16:17:00 2019,Yoga Flow,Ross Rayburn,30.0
Tue Sep 17 15:32:00 2019,Yoga Flow,Denis Morton,20.0
Tue Sep 17 14:47:00 2019,Power Yoga,Denis Morton,30.0
Tue Sep 17 07:17:00 2019,Yoga Flow,Aditi Shah,10.0
Tue Sep 17 05:31:00 2019,Yoga Flow,Anna Greenberg,20.0
Tue Sep 17 04:49:00 2019,Yoga Flow,Anna Greenberg,30.0
Mon Sep 16 16:18:00 2019,Yoga Flow,Kristin McGee,30.0
Mon Sep 16 15:32:00 2019,Yoga Flow,Ross Rayburn,20.0
Mon Sep 16 14:48:00 2019,Yoga Flow,Ross Rayburn,30.0
Mon Sep 16 13:22:00 2019,Yoga Anywhere,Ross Rayburn,5.0
Mon Sep 16 06:50:00 2019,Yoga Flow,Anna Greenberg,10.0
Mon Sep 16 05:31:00 2019,Yoga Flow,Aditi Shah,20.0
Mon Sep 16 04:47:00 2019,Yoga Flow,Aditi Shah,30.0
Sun Sep 15 07:33:00 2019,Yoga Flow,Denis Morton,45.0
Sat Sep 14 07:31:00 2019,Yoga Flow,Ross Rayburn,45.0
Sat Sep 14 06:18:00 2019,Yoga Flow,Kristin McGee,45.0
Fri Sep 13 05:31:00 2019,Yoga Flow,Ross Rayburn,20.0
Fri Sep 13 04:48:00 2019,Yoga Flow,Ross Rayburn,30.0
Thu Sep 12 16:18:00 2019,Yoga Flow,Aditi Shah,30.0
Thu Sep 12 15:31:00 2019,Yoga Flow,Ross Rayburn,20.0
Thu Sep 12 14:47:00 2019,Yoga Flow,Ross Rayburn,30.0
Thu Sep 12 05:31:00 2019,Yoga Flow,Kristin McGee,20.0
Thu Sep 12 04:48:00 2019,Yoga Flow,Kristin McGee,30.0
Wed Sep 11 14:48:00 2019,Yoga Flow,Aditi Shah,30.0
Wed Sep 11 05:31:00 2019,Yoga Flow,Ross Rayburn,20.0
Wed Sep 11 04:49:00 2019,Yoga Flow,Ross Rayburn,30.0
Tue Sep 10 15:31:00 2019,Yoga Flow,Kristin McGee,20.0
Tue Sep 10 14:47:00 2019,Yoga Flow,Kristin McGee,30.0
Tue Sep 10 13:25:00 2019,Yoga Flow,Kristin McGee,10.0
Tue Sep 10 05:32:00 2019,Yoga Flow,Denis Morton,20.0
Tue Sep 10 05:30:00 2019,Yoga Flow,Anna Greenberg,20.0
Tue Sep 10 04:48:00 2019,Yoga Flow,Denis Morton,30.0
Mon Sep  9 15:31:00 2019,Yoga Flow,Ross Rayburn,20.0
Mon Sep  9 14:48:00 2019,Yoga Flow,Ross Rayburn,30.0
Mon Sep  9 05:31:00 2019,Yoga Flow,Kristin McGee,20.0
Mon Sep  9 04:48:00 2019,Yoga Flow,Kristin McGee,30.0
Sun Sep  8 07:33:00 2019,Yoga Flow,Ross Rayburn,45.0
Sun Sep  8 06:18:00 2019,Power Yoga,Kristin McGee,45.0
Sat Sep  7 07:33:00 2019,Yoga Flow,Denis Morton,45.0
Sat Sep  7 06:18:00 2019,Yoga Flow,Kristin McGee,45.0
Fri Sep  6 07:42:00 2019,Yoga Flow,Kristin McGee,10.0
Fri Sep  6 05:32:00 2019,Yoga Flow,Kristin McGee,20.0
Fri Sep  6 04:50:00 2019,Power Yoga,Kristin McGee,30.0
Thu Sep  5 16:19:00 2019,Yoga Flow,Kristin McGee,30.0
Thu Sep  5 15:31:00 2019,Yoga Flow,Ross Rayburn,20.0
Thu Sep  5 14:50:00 2019,Yoga Flow,Ross Rayburn,30.0
Thu Sep  5 05:31:00 2019,Yoga Flow,Ross Rayburn,20.0
Thu Sep  5 04:48:00 2019,Yoga Flow,Ross Rayburn,30.0
Wed Sep  4 15:32:00 2019,Yoga Flow,Denis Morton,20.0
Wed Sep  4 14:48:00 2019,Yoga Flow,Denis Morton,30.0
Wed Sep  4 07:23:00 2019,Yoga Anywhere,Anna Greenberg,5.0
Wed Sep  4 05:31:00 2019,Yoga Flow,Kristin McGee,20.0
Wed Sep  4 04:49:00 2019,Yoga Flow,Kristin McGee,30.0
Tue Sep  3 16:17:00 2019,Yoga Flow,Ross Rayburn,30.0
Tue Sep  3 15:32:00 2019,Yoga Flow,Denis Morton,20.0
Tue Sep  3 14:47:00 2019,Power Yoga,Denis Morton,30.0
Tue Sep  3 04:49:00 2019,Yoga Flow,Anna Greenberg,45.0
Mon Sep  2 07:31:00 2019,Restorative Yoga,Ross Rayburn,20.0
Mon Sep  2 06:48:00 2019,Yoga Flow,Ross Rayburn,30.0
Mon Sep  2 06:01:00 2019,Yoga Flow,Anna Greenberg,20.0
Mon Sep  2 05:19:00 2019,Yoga Flow,Anna Greenberg,30.0
Sun Sep  1 07:02:00 2019,Yoga Flow,Anna Greenberg,20.0
Sun Sep  1 06:17:00 2019,Yoga Flow,Anna Greenberg,30.0
Sat Aug 31 06:18:00 2019,Yoga Flow,Denis Morton,45.0
Fri Aug 30 05:18:00 2019,Yoga Flow,Ross Rayburn,30.0
Thu Aug 29 15:01:00 2019,Yoga Flow,Anna Greenberg,20.0
Thu Aug 29 14:18:00 2019,Yoga Flow,Anna Greenberg,30.0
Thu Aug 29 05:52:00 2019,Yoga Flow,Ross Rayburn,20.0
Thu Aug 29 05:18:00 2019,Yoga Flow,Ross Rayburn,20.0
Wed Aug 28 15:01:00 2019,Yoga Flow,Anna Greenberg,20.0
Wed Aug 28 14:19:00 2019,Yoga Flow,Anna Greenberg,30.0
Wed Aug 28 05:51:00 2019,Restorative Yoga,Kristin McGee,20.0
Wed Aug 28 05:18:00 2019,Yoga Flow,Kristin McGee,20.0
Tue Aug 27 15:02:00 2019,Yoga Flow,Denis Morton,20.0
Tue Aug 27 14:19:00 2019,Power Yoga,Denis Morton,30.0
Tue Aug 27 12:53:00 2019,Yoga Basics,Ross Rayburn,5.0
Tue Aug 27 07:29:00 2019,Power Yoga,Anna Greenberg,20.0
Tue Aug 27 07:12:00 2019,Yoga Flow,Anna Greenberg,10.0
Mon Aug 26 15:02:00 2019,Yoga Flow,Ross Rayburn,20.0
Mon Aug 26 14:18:00 2019,Yoga Flow,Ross Rayburn,30.0
Mon Aug 26 12:48:00 2019,Yoga Anywhere,Kristin McGee,10.0
Sun Aug 25 07:48:00 2019,Yoga Flow,Kristin McGee,45.0
Sun Aug 25 07:01:00 2019,Restorative Yoga,Aditi Shah,20.0
Sat Aug 24 07:48:00 2019,Yoga Flow,Denis Morton,45.0
Sat Aug 24 07:01:00 2019,Yoga Flow,Anna Greenberg,20.0
Sat Aug 24 06:19:00 2019,Yoga Flow,Anna Greenberg,30.0
Fri Aug 23 07:01:00 2019,Yoga Anywhere,Ross Rayburn,5.0
Fri Aug 23 05:17:00 2019,Yoga Flow,Aditi Shah,30.0
Thu Aug 22 14:18:00 2019,Yoga Flow,Anna Greenberg,30.0
Thu Aug 22 05:18:00 2019,Yoga Flow,Ross Rayburn,30.0
Wed Aug 21 14:18:00 2019,Yoga Flow,Anna Greenberg,45.0
Wed Aug 21 06:02:00 2019,Yoga Flow,Kristin McGee,10.0
Tue Aug 20 15:01:00 2019,Yoga Flow,Ross Rayburn,20.0
Tue Aug 20 14:19:00 2019,Yoga Flow,Ross Rayburn,30.0
Tue Aug 20 05:17:00 2019,Power Yoga,Kristin McGee,30.0
Mon Aug 19 15:01:00 2019,Yoga Flow,Kristin McGee,20.0
Mon Aug 19 14:20:00 2019,Power Yoga,Kristin McGee,30.0
Sun Aug 18 07:48:00 2019,Yoga Flow,Ross Rayburn,45.0
Sat Aug 17 07:48:00 2019,Power Yoga,Denis Morton,45.0
Sat Aug 17 07:01:00 2019,Yoga Flow,Kristin McGee,20.0
Sat Aug 17 06:18:00 2019,Yoga Flow,Kristin McGee,30.0
Fri Aug 16 07:00:00 2019,Yoga Flow,Ross Rayburn,10.0
Fri Aug 16 05:19:00 2019,Yoga Flow,Kristin McGee,45.0
Thu Aug 15 14:19:00 2019,Yoga Flow,Anna Greenberg,45.0
Thu Aug 15 07:03:00 2019,Yoga Flow,Ross Rayburn,10.0
Thu Aug 15 06:49:00 2019,Yoga Basics,Ross Rayburn,5.0
Thu Aug 15 05:19:00 2019,Power Yoga,Ross Rayburn,30.0
Wed Aug 14 15:01:00 2019,Yoga Flow,Anna Greenberg,20.0
Wed Aug 14 14:19:00 2019,Yoga Flow,Anna Greenberg,30.0
Wed Aug 14 05:20:00 2019,Yoga Flow,Kristin McGee,30.0
Tue Aug 13 15:02:00 2019,Yoga Flow,Denis Morton,20.0
Tue Aug 13 14:18:00 2019,Yoga Flow,Denis Morton,30.0
Tue Aug 13 05:52:00 2019,Restorative Yoga,Anna Greenberg,20.0
Tue Aug 13 05:18:00 2019,Yoga Flow,Anna Greenberg,20.0
Mon Aug 12 15:01:00 2019,Restorative Yoga,Ross Rayburn,20.0
Mon Aug 12 14:18:00 2019,Yoga Flow,Ross Rayburn,30.0
Mon Aug 12 07:40:00 2019,Yoga Anywhere,Kristin McGee,5.0
Mon Aug 12 07:20:00 2019,Yoga Flow,Kristin McGee,10.0
Mon Aug 12 05:51:00 2019,Yoga Flow,Anna Greenberg,20.0
Mon Aug 12 05:18:00 2019,Yoga Flow,Anna Greenberg,20.0
Sun Aug 11 07:48:00 2019,Power Yoga,Kristin McGee,45.0
Sun Aug 11 06:52:00 2019,Yoga Flow,Ross Rayburn,20.0
Sun Aug 11 06:20:00 2019,Yoga Flow,Ross Rayburn,20.0
Sat Aug 10 07:48:00 2019,Yoga Flow,Denis Morton,45.0
Sat Aug 10 07:01:00 2019,Power Yoga,Anna Greenberg,20.0
Sat Aug 10 06:19:00 2019,Yoga Flow,Anna Greenberg,30.0
Thu Aug  8 15:01:00 2019,Yoga Flow,Anna Greenberg,20.0
Thu Aug  8 14:18:00 2019,Yoga Flow,Anna Greenberg,30.0
Thu Aug  8 13:05:00 2019,Yoga Anywhere,Aditi Shah,5.0
Thu Aug  8 06:01:00 2019,Restorative Yoga,Ross Rayburn,10.0
Wed Aug  7 12:54:00 2019,Yoga Flow,Anna Greenberg,10.0
Wed Aug  7 05:18:00 2019,Yoga Flow,Kristin McGee,30.0
Tue Aug  6 14:20:00 2019,Yoga Flow,Denis Morton,30.0
Tue Aug  6 11:53:00 2019,Yoga Anywhere,Anna Greenberg,5.0
Tue Aug  6 11:23:00 2019,Restorative Yoga,Anna Greenberg,20.0
Tue Aug  6 05:18:00 2019,Yoga Flow,Ross Rayburn,20.0
Mon Aug  5 15:01:00 2019,Yoga Flow,Aditi Shah,20.0
Mon Aug  5 14:19:00 2019,Yoga Flow,Aditi Shah,30.0
Mon Aug  5 05:18:00 2019,Yoga Flow,Anna Greenberg,30.0
Sun Aug  4 07:01:00 2019,Yoga Flow,Aditi Shah,20.0
Sun Aug  4 06:18:00 2019,Power Yoga,Aditi Shah,30.0
Sat Aug  3 07:48:00 2019,Power Yoga,Denis Morton,45.0
Sat Aug  3 07:01:00 2019,Yoga Flow,Kristin McGee,20.0
Sat Aug  3 06:19:00 2019,Yoga Flow,Kristin McGee,30.0
Fri Aug  2 07:08:00 2019,Yoga Anywhere,Ross Rayburn,10.0
Fri Aug  2 05:20:00 2019,Yoga Flow,Kristin McGee,20.0
Thu Aug  1 15:01:00 2019,Restorative Yoga,Anna Greenberg,20.0
Thu Aug  1 05:51:00 2019,Yoga Flow,Ross Rayburn,20.0
Wed Jul 31 15:01:00 2019,Yoga Flow,Anna Greenberg,20.0
Wed Jul 31 14:18:00 2019,Yoga Flow,Anna Greenberg,30.0
Wed Jul 31 05:19:00 2019,Yoga Flow,Aditi Shah,30.0
Tue Jul 30 15:02:00 2019,Restorative Yoga,Denis Morton,20.0
Tue Jul 30 14:19:00 2019,Yoga Flow,Denis Morton,30.0
Tue Jul 30 12:54:00 2019,Yoga Basics,Ross Rayburn,10.0
Tue Jul 30 05:19:00 2019,Yoga Flow,Aditi Shah,20.0
Mon Jul 29 14:19:00 2019,Yoga Flow,Ross Rayburn,30.0
Mon Jul 29 05:17:00 2019,Yoga Flow,Anna Greenberg,30.0
Sun Jul 28 07:48:00 2019,Yoga Flow,Aditi Shah,60.0
Sat Jul 27 07:48:00 2019,Yoga Flow,Denis Morton,45.0
Thu Jul 25 15:01:00 2019,Yoga Flow,Aditi Shah,20.0
Thu Jul 25 14:20:00 2019,Yoga Flow,Aditi Shah,30.0
Thu Jul 25 05:18:00 2019,Yoga Flow,Ross Rayburn,45.0
Wed Jul 24 15:01:00 2019,Yoga Flow,Aditi Shah,20.0
Wed Jul 24 14:20:00 2019,Yoga Flow,Aditi Shah,30.0
Tue Jul 23 15:01:00 2019,Yoga Flow,Denis Morton,20.0
Tue Jul 23 14:19:00 2019,Power Yoga,Denis Morton,30.0
Tue Jul 23 05:18:00 2019,Yoga Flow,Aditi Shah,30.0
Mon Jul 22 15:05:00 2019,Yoga Flow,Ross Rayburn,20.0
Mon Jul 22 14:19:00 2019,Yoga Flow,Ross Rayburn,30.0
Mon Jul 22 06:01:00 2019,Restorative Yoga,Anna Greenberg,10.0
Sun Jul 21 06:19:00 2019,Yoga Flow,Ross Rayburn,60.0
Sat Jul 20 07:50:00 2019,Power Yoga,Denis Morton,45.0
Sat Jul 20 06:19:00 2019,Yoga Flow,Anna Greenberg,44.0
Fri Jul 19 05:51:00 2019,Yoga Flow,Ross Rayburn,20.0
Fri Jul 19 05:20:00 2019,Yoga Flow,Ross Rayburn,20.0
Thu Jul 18 14:19:00 2019,Yoga Flow,Anna Greenberg,29.0
Wed Jul 17 15:01:00 2019,Restorative Yoga,Aditi Shah,20.0
Wed Jul 17 14:19:00 2019,Power Yoga,Aditi Shah,30.0
Wed Jul 17 07:27:00 2019,Yoga Anywhere,Kristin McGee,5.0
Wed Jul 17 05:20:00 2019,Yoga Flow,Kristin McGee,30.0
Tue Jul 16 15:01:00 2019,Yoga Flow,Denis Morton,20.0
Tue Jul 16 14:17:00 2019,Yoga Flow,Denis Morton,30.0
Tue Jul 16 05:17:00 2019,Yoga Flow,Aditi Shah,30.0
Mon Jul 15 15:01:00 2019,Yoga Flow,Ross Rayburn,20.0
Mon Jul 15 14:19:00 2019,Yoga Flow,Ross Rayburn,30.0
Mon Jul 15 05:51:00 2019,Yoga Flow,Anna Greenberg,20.0
Mon Jul 15 05:20:00 2019,Yoga Flow,Anna Greenberg,20.0
Sun Jul 14 07:49:00 2019,Yoga Flow,Aditi Shah,45.0
Sat Jul 13 07:47:00 2019,Yoga Flow,Denis Morton,45.0
Fri Jul 12 06:52:00 2019,Yoga Basics,Ross Rayburn,5.0
Fri Jul 12 05:20:00 2019,Yoga Flow,Kristin McGee,60.0
Thu Jul 11 15:01:00 2019,Yoga Flow,Ross Rayburn,20.0
Thu Jul 11 14:20:00 2019,Yoga Flow,Ross Rayburn,30.0
Thu Jul 11 13:21:00 2019,Yoga Basics,Aditi Shah,5.0
Thu Jul 11 06:54:00 2019,Yoga Basics,Kristin McGee,10.0
Thu Jul 11 06:01:00 2019,Restorative Yoga,Ross Rayburn,10.0
Thu Jul 11 05:17:00 2019,Yoga Flow,Ross Rayburn,30.0
Wed Jul 10 14:17:00 2019,Yoga Flow,Aditi Shah,30.0
Wed Jul 10 06:01:00 2019,Yoga Flow,Kristin McGee,10.0
Tue Jul  9 15:02:00 2019,Yoga Flow,Denis Morton,20.0
Tue Jul  9 14:18:00 2019,Power Yoga,Denis Morton,30.0
Tue Jul  9 05:51:00 2019,Yoga Flow,Aditi Shah,20.0
Tue Jul  9 05:17:00 2019,Yoga Flow,Aditi Shah,20.0
Mon Jul  8 15:01:00 2019,Yoga Flow,Ross Rayburn,20.0
Mon Jul  8 14:19:00 2019,Yoga Flow,Ross Rayburn,30.0
Mon Jul  8 13:19:00 2019,Yoga Flow,Kristin McGee,20.0
Mon Jul  8 05:17:00 2019,Yoga Flow,Kristin McGee,30.0
Sun Jul  7 07:48:00 2019,Power Yoga,Kristin McGee,45.0
Sat Jul  6 07:47:00 2019,Yoga Flow,Denis Morton,45.0
Sat Jul  6 06:19:00 2019,Yoga Flow,Kristin McGee,45.0
Fri Jul  5 05:17:00 2019,Yoga Flow,Kristin McGee,30.0
Fri Jul  5 04:00:00 2019,Yoga Flow,Ross Rayburn,30.0
Thu Jul  4 05:18:00 2019,Power Yoga,Aditi Shah,45.0
Wed Jul  3 15:01:00 2019,Yoga Flow,Aditi Shah,20.0
Wed Jul  3 14:18:00 2019,Yoga Flow,Aditi Shah,30.0
Wed Jul  3 12:22:00 2019,Yoga Anywhere,Anna Greenberg,5.0
Wed Jul  3 05:51:00 2019,Yoga Flow,Kristin McGee,20.0
Wed Jul  3 05:18:00 2019,Yoga Flow,Kristin McGee,20.0
Tue Jul  2 15:02:00 2019,Yoga Flow,Denis Morton,20.0
Tue Jul  2 14:19:00 2019,Yoga Flow,Denis Morton,30.0
Tue Jul  2 05:18:00 2019,Yoga Flow,Aditi Shah,30.0
Mon Jul  1 15:01:00 2019,Yoga Flow,Ross Rayburn,20.0
Mon Jul  1 12:53:00 2019,Yoga Basics,Kristin McGee,5.0
Mon Jul  1 06:51:00 2019,Yoga Flow,Aditi Shah,10.0
Mon Jul  1 05:51:00 2019,Yoga Flow,Kristin McGee,20.0
Sun Jun 30 08:49:00 2019,Yoga Flow,Ross Rayburn,45.0
Sat Jun 29 07:48:00 2019,Power Yoga,Denis Morton,45.0
Fri Jun 28 05:51:00 2019,Yoga Flow,Kristin McGee,20.0
Fri Jun 28 05:18:00 2019,Yoga Flow,Kristin McGee,20.0
Thu Jun 27 14:19:00 2019,Yoga Flow,Aditi Shah,30.0
Thu Jun 27 13:24:00 2019,Yoga Flow,Aditi Shah,10.0
Thu Jun 27 07:34:00 2019,Yoga Basics,Kristin McGee,10.0
Thu Jun 27 05:19:00 2019,Yoga Flow,Ross Rayburn,45.0
Wed Jun 26 15:01:00 2019,Restorative Yoga,Ross Rayburn,10.0
Wed Jun 26 14:19:00 2019,Yoga Flow,Ross Rayburn,30.0
Wed Jun 26 06:00:00 2019,Restorative Yoga,Kristin McGee,10.0
Tue Jun 25 15:02:00 2019,Yoga Flow,Denis Morton,10.0
Tue Jun 25 14:18:00 2019,Yoga Flow,Denis Morton,30.0
Tue Jun 25 05:19:00 2019,Yoga Flow,Aditi Shah,45.0
Mon Jun 24 15:01:00 2019,Yoga Flow,Ross Rayburn,10.0
Mon Jun 24 14:20:00 2019,Yoga Flow,Ross Rayburn,30.0
Sat Jun 22 07:49:00 2019,Yoga Flow,Denis Morton,45.0
Sat Jun 22 06:18:00 2019,Yoga Flow,Anna Greenberg,45.0
Fri Jun 21 07:09:00 2019,Restorative Yoga,Ross Rayburn,10.0
Thu Jun 20 14:51:00 2019,Restorative Yoga,Kristin McGee,20.0
Thu Jun 20 05:19:00 2019,Yoga Flow,Anna Greenberg,30.0
Wed Jun 19 14:20:00 2019,Yoga Flow,Kristin McGee,20.0
Tue Jun 18 15:02:00 2019,Restorative Yoga,Denis Morton,10.0
Tue Jun 18 14:19:00 2019,Power Yoga,Denis Morton,30.0
Tue Jun 18 05:51:00 2019,Yoga Flow,Anna Greenberg,20.0
Tue Jun 18 05:18:00 2019,Power Yoga,Anna Greenberg,20.0
Mon Jun 17 14:20:00 2019,Yoga Flow,Kristin McGee,30.0
Mon Jun 17 05:18:00 2019,Yoga Flow,Anna Greenberg,30.0
Sun Jun 16 06:21:00 2019,Yoga Flow,Kristin McGee,60.0
Sun Jun 16 05:00:00 2019,Yoga Flow,Ross Rayburn,30.0
Sat Jun 15 07:48:00 2019,Yoga Flow,Denis Morton,45.0
Fri Jun 14 07:23:00 2019,Yoga Basics,Kristin McGee,10.0
Fri Jun 14 05:51:00 2019,Yoga Flow,Kristin McGee,20.0
Fri Jun 14 05:20:00 2019,Yoga Flow,Kristin McGee,20.0
Thu Jun 13 14:18:00 2019,Yoga Flow,Anna Greenberg,30.0
Thu Jun 13 06:01:00 2019,Restorative Yoga,Kristin McGee,10.0
Thu Jun 13 05:19:00 2019,Yoga Flow,Kristin McGee,30.0
Wed Jun 12 15:01:00 2019,Yoga Flow,Anna Greenberg,10.0
Wed Jun 12 14:19:00 2019,Yoga Flow,Anna Greenberg,30.0
Wed Jun 12 05:19:00 2019,Yoga Flow,Kristin McGee,30.0
Tue Jun 11 11:00:00 2019,Yoga Flow,Denis Morton,30.0
Tue Jun 11 09:15:00 2019,Yoga Flow,Aditi Shah,20.0
Tue Jun 11 09:00:00 2019,Yoga Flow,Ross Rayburn,10.0
Tue Jun 11 05:51:00 2019,Restorative Yoga,Anna Greenberg,20.0
Tue Jun 11 05:17:00 2019,Yoga Flow,Anna Greenberg,20.0
Mon Jun 10 15:01:00 2019,Yoga Flow,Kristin McGee,10.0
Mon Jun 10 14:20:00 2019,Yoga Flow,Kristin McGee,30.0
Mon Jun 10 06:01:00 2019,Yoga Flow,Anna Greenberg,10.0
Sun Jun  9 07:49:00 2019,Yoga Flow,Aditi Shah,45.0
Sun Jun  9 06:18:00 2019,Power Yoga,Kristin McGee,45.0
Sat Jun  8 07:49:00 2019,Yoga Flow,Denis Morton,45.0
Sat Jun  8 06:18:00 2019,Yoga Flow,Anna Greenberg,45.0
Fri Jun  7 06:01:00 2019,Yoga Flow,Kristin McGee,10.0
Fri Jun  7 05:20:00 2019,Yoga Flow,Kristin McGee,30.0
Thu Jun  6 06:54:00 2019,Yoga Basics,Kristin McGee,5.0
Thu Jun  6 05:21:00 2019,Yoga Flow,Kristin McGee,45.0
Wed Jun  5 14:19:00 2019,Yoga Flow,Aditi Shah,30.0
Tue Jun  4 15:01:00 2019,Restorative Yoga,Denis Morton,10.0
Tue Jun  4 14:19:00 2019,Yoga Flow,Denis Morton,30.0
Tue Jun  4 07:05:00 2019,Yoga Basics,Aditi Shah,5.0
Tue Jun  4 05:19:00 2019,Yoga Flow,Aditi Shah,30.0
Mon Jun  3 14:19:00 2019,Yoga Flow,Ross Rayburn,30.0
Mon Jun  3 06:02:00 2019,Yoga Flow,Anna Greenberg,10.0
Sun Jun  2 06:18:00 2019,Yoga Flow,Ross Rayburn,45.0
Sat Jun  1 07:48:00 2019,Power Yoga,Denis Morton,45.0
Fri May 31 05:19:00 2019,Yoga Flow,Kristin McGee,30.0
Fri May 31 04:21:00 2019,Restorative Yoga,Ross Rayburn,20.0
Fri May 31 03:49:00 2019,Power Yoga,Ross Rayburn,20.0
Thu May 30 15:49:00 2019,Yoga Flow,Ross Rayburn,30.0
Thu May 30 14:51:00 2019,Yoga Flow,Anna Greenberg,20.0
Thu May 30 14:19:00 2019,Power Yoga,Anna Greenberg,20.0
Thu May 30 06:57:00 2019,Yoga Anywhere,Kristin McGee,10.0
Thu May 30 05:21:00 2019,Yoga Flow,Aditi Shah,45.0
Thu May 30 04:21:00 2019,Restorative Yoga,Kristin McGee,20.0
Wed May 29 15:48:00 2019,Yoga Flow,Anna Greenberg,45.0
Wed May 29 14:19:00 2019,Yoga Flow,Aditi Shah,30.0
Wed May 29 13:21:00 2019,Yoga Flow,Anna Greenberg,10.0
Wed May 29 05:19:00 2019,Yoga Flow,Kristin McGee,45.0
Tue May 28 15:02:00 2019,Restorative Yoga,Denis Morton,10.0
Tue May 28 14:19:00 2019,Yoga Flow,Denis Morton,30.0
Tue May 28 06:57:00 2019,Yoga Anywhere,Anna Greenberg,10.0
Tue May 28 05:18:00 2019,Yoga Flow,Aditi Shah,30.0
Tue May 28 04:21:00 2019,Yoga Flow,Anna Greenberg,20.0
Tue May 28 03:49:00 2019,Yoga Flow,Anna Greenberg,20.0
Mon May 27 06:49:00 2019,Yoga Flow,Ross Rayburn,30.0
Mon May 27 05:51:00 2019,Yoga Flow,Kristin McGee,20.0
Mon May 27 05:19:00 2019,Power Yoga,Kristin McGee,20.0
Sun May 26 07:49:00 2019,Power Yoga,Kristin McGee,45.0
Sun May 26 06:19:00 2019,Yoga Flow,Ross Rayburn,45.0
Sat May 25 07:49:00 2019,Yoga Flow,Denis Morton,45.0
Sat May 25 06:18:00 2019,Yoga Flow,Kristin McGee,45.0
Fri May 24 03:49:00 2019,Yoga Flow,Ross Rayburn,20.0
Thu May 23 14:20:00 2019,Yoga Flow,Aditi Shah,20.0
Thu May 23 03:49:00 2019,Yoga Flow,Kristin McGee,45.0
Wed May 22 15:50:00 2019,Yoga Flow,Anna Greenberg,60.0
Wed May 22 14:19:00 2019,Yoga Flow,Aditi Shah,30.0
Wed May 22 13:40:00 2019,Yoga Flow,Anna Greenberg,10.0
Wed May 22 03:49:00 2019,Yoga Flow,Kristin McGee,30.0
Tue May 21 14:51:00 2019,Yoga Flow,Denis Morton,20.0
Tue May 21 14:20:00 2019,Power Yoga,Denis Morton,20.0
Tue May 21 07:21:00 2019,Yoga Basics,Aditi Shah,5.0
Tue May 21 05:51:00 2019,Restorative Yoga,Aditi Shah,20.0
Tue May 21 05:19:00 2019,Yoga Flow,Aditi Shah,20.0
Tue May 21 04:31:00 2019,Restorative Yoga,Anna Greenberg,10.0
Mon May 20 14:20:00 2019,Yoga Flow,Ross Rayburn,30.0
Mon May 20 05:19:00 2019,Yoga Flow,Anna Greenberg,45.0
Mon May 20 03:48:00 2019,Yoga Flow,Aditi Shah,30.0
Sun May 19 09:19:00 2019,Yoga Flow,Kristin McGee,10.0
Sun May 19 07:49:00 2019,Yoga Flow,Aditi Shah,45.0
Sat May 18 06:20:00 2019,Yoga Flow,Anna Greenberg,45.0
Fri May 17 09:24:00 2019,Restorative Yoga,Denis Morton,20.0
Fri May 17 05:51:00 2019,Yoga Flow,Kristin McGee,20.0
Fri May 17 05:19:00 2019,Yoga Flow,Kristin McGee,20.0
Thu May 16 15:51:00 2019,Yoga Flow,Aditi Shah,45.0
Thu May 16 14:51:00 2019,Restorative Yoga,Anna Greenberg,20.0
Thu May 16 14:19:00 2019,Power Yoga,Anna Greenberg,20.0
Thu May 16 06:49:00 2019,Yoga Flow,Kristin McGee,10.0
Thu May 16 05:51:00 2019,Yoga Flow,Ross Rayburn,20.0
Thu May 16 05:20:00 2019,Yoga Flow,Ross Rayburn,20.0
Thu May 16 03:51:00 2019,Power Yoga,Kristin McGee,30.0
Wed May 15 15:49:00 2019,Yoga Flow,Anna Greenberg,45.0
Wed May 15 14:51:00 2019,Yoga Flow,Aditi Shah,20.0
Wed May 15 14:21:00 2019,Yoga Flow,Aditi Shah,20.0
Wed May 15 13:31:00 2019,Yoga Basics,Anna Greenberg,10.0
Wed May 15 13:23:00 2019,Yoga Basics,Anna Greenberg,5.0
Wed May 15 05:51:00 2019,Restorative Yoga,Kristin McGee,20.0
Wed May 15 05:20:00 2019,Yoga Flow,Kristin McGee,20.0
Tue May 14 15:01:00 2019,Yoga Flow,Denis Morton,10.0
Tue May 14 14:20:00 2019,Power Yoga,Denis Morton,30.0
Tue May 14 05:19:00 2019,Yoga Flow,Aditi Shah,20.0
Tue May 14 04:31:00 2019,Restorative Yoga,Anna Greenberg,10.0
Mon May 13 15:50:00 2019,Power Yoga,Aditi Shah,30.0
Mon May 13 14:20:00 2019,Yoga Flow,Ross Rayburn,30.0
Mon May 13 06:01:00 2019,Yoga Flow,Anna Greenberg,10.0
Mon May 13 03:51:00 2019,Yoga Flow,Kristin McGee,60.0
Sun May 12 07:48:00 2019,Yoga Flow,Kristin McGee,60.0
Sun May 12 06:19:00 2019,Yoga Flow,Ross Rayburn,45.0
Sat May 11 07:50:00 2019,Power Yoga,Denis Morton,45.0
Fri May 10 05:51:00 2019,Yoga Flow,Kristin McGee,20.0
Fri May 10 05:20:00 2019,Yoga Flow,Kristin McGee,20.0
Thu May  9 15:50:00 2019,Yoga Flow,Aditi Shah,45.0
Thu May  9 14:20:00 2019,Yoga Flow,Anna Greenberg,20.0
Thu May  9 06:01:00 2019,Restorative Yoga,Ross Rayburn,10.0
Thu May  9 05:19:00 2019,Yoga Flow,Ross Rayburn,30.0
Thu May  9 03:48:00 2019,Yoga Flow,Kristin McGee,20.0
Wed May  8 05:19:00 2019,Yoga Flow,Kristin McGee,30.0
Wed May  8 04:21:00 2019,Restorative Yoga,Kristin McGee,20.0
Tue May  7 15:48:00 2019,Power Yoga,Ross Rayburn,60.0
Tue May  7 15:01:00 2019,Yoga Flow,Denis Morton,10.0
Tue May  7 14:20:00 2019,Yoga Flow,Denis Morton,30.0
Tue May  7 05:18:00 2019,Yoga Flow,Aditi Shah,30.0
Tue May  7 04:32:00 2019,Yoga Flow,Anna Greenberg,10.0
Mon May  6 06:01:00 2019,Restorative Yoga,Anna Greenberg,10.0
Mon May  6 05:19:00 2019,Power Yoga,Anna Greenberg,30.0
Mon May  6 04:21:00 2019,Restorative Yoga,Aditi Shah,20.0
Mon May  6 03:48:00 2019,Yoga Flow,Aditi Shah,20.0
Sun May  5 05:50:00 2019,Yoga Flow,Ross Rayburn,30.0
Sat May  4 08:21:00 2019,Yoga Flow,Anna Greenberg,30.0
Sat May  4 07:19:00 2019,Power Yoga,Ross Rayburn,30.0
Sat May  4 06:18:00 2019,Yoga Flow,Kristin McGee,30.0
Fri May  3 10:49:00 2019,Yoga Flow,Ross Rayburn,30.0
Fri May  3 09:48:00 2019,Yoga Flow,Anna Greenberg,30.0
Fri May  3 08:48:00 2019,Yoga Flow,Aditi Shah,30.0
Fri May  3 07:49:00 2019,Power Yoga,Kristin McGee,30.0
Thu May  2 09:08:00 2019,Restorative Yoga,Denis Morton,10.0
Thu May  2 07:08:00 2019,Yoga Basics,Kristin McGee,5.0
Thu May  2 05:19:00 2019,Yoga Flow,Ross Rayburn,30.0
Wed May  1 14:51:00 2019,Yoga Flow,Aditi Shah,20.0
Wed May  1 05:20:00 2019,Yoga Flow,Kristin McGee,45.0
Wed May  1 03:50:00 2019,Yoga Flow,Kristin McGee,30.0
Tue Apr 30 15:51:00 2019,Yoga Flow,Ross Rayburn,45.0
Tue Apr 30 14:51:00 2019,Yoga Flow,Denis Morton,20.0
Tue Apr 30 14:20:00 2019,Yoga Flow,Denis Morton,20.0
Tue Apr 30 13:35:00 2019,Yoga Anywhere,Ross Rayburn,10.0
Tue Apr 30 13:23:00 2019,Yoga Basics,Ross Rayburn,5.0
Tue Apr 30 07:12:00 2019,Yoga Basics,Anna Greenberg,5.0
Tue Apr 30 06:56:00 2019,Yoga Anywhere,Anna Greenberg,10.0
Tue Apr 30 05:20:00 2019,Yoga Flow,Aditi Shah,30.0
Tue Apr 30 04:32:00 2019,Restorative Yoga,Anna Greenberg,10.0
Tue Apr 30 03:48:00 2019,Yoga Flow,Anna Greenberg,30.0
Mon Apr 29 14:51:00 2019,Yoga Flow,Ross Rayburn,10.0
Mon Apr 29 04:31:00 2019,Restorative Yoga,Aditi Shah,10.0
Mon Apr 29 03:50:00 2019,Yoga Flow,Aditi Shah,30.0
Sun Apr 28 09:37:00 2019,Yoga Anywhere,Kristin McGee,10.0
Sun Apr 28 09:24:00 2019,Yoga Basics,Kristin McGee,5.0
Sun Apr 28 07:49:00 2019,Power Yoga,Aditi Shah,45.0
Sun Apr 28 06:25:00 2019,Yoga Flow,Ross Rayburn,45.0
Sat Apr 27 07:48:00 2019,Yoga Flow,Denis Morton,45.0
Fri Apr 26 07:01:00 2019,Yoga Flow,Ross Rayburn,10.0
Fri Apr 26 06:49:00 2019,Yoga Basics,Ross Rayburn,5.0
Fri Apr 26 06:01:00 2019,Yoga Flow,Kristin McGee,10.0
Fri Apr 26 05:20:00 2019,Restorative Yoga,Kristin McGee,30.0
Fri Apr 26 04:21:00 2019,Restorative Yoga,Ross Rayburn,20.016666666666666
Fri Apr 26 03:50:00 2019,Yoga Flow,Ross Rayburn,20.0
Thu Apr 25 05:46:00 2019,Yoga Flow,Ross Rayburn,10.0
Thu Apr 25 05:19:00 2019,Restorative Yoga,Ross Rayburn,15.0
Thu Apr 25 04:21:00 2019,Restorative Yoga,Kristin McGee,20.0
Thu Apr 25 03:49:00 2019,Yoga Flow,Kristin McGee,20.0
Wed Apr 24 05:45:00 2019,Restorative Yoga,Kristin McGee,10.0
Wed Apr 24 03:48:00 2019,Yoga Flow,Kristin McGee,30.0
Tue Apr 23 16:31:00 2019,Restorative Yoga,Anna Greenberg,10.0
Tue Apr 23 15:49:00 2019,Power Yoga,Anna Greenberg,30.0
Tue Apr 23 14:51:00 2019,Yoga Flow,Denis Morton,20.0
Tue Apr 23 14:20:00 2019,Yoga Flow,Denis Morton,20.0
Tue Apr 23 13:49:00 2019,Yoga Basics,Anna Greenberg,10.0
Tue Apr 23 06:54:00 2019,Yoga Basics,Ross Rayburn,5.483333333333333
Tue Apr 23 05:51:00 2019,Restorative Yoga,Aditi Shah,20.0
Tue Apr 23 05:19:00 2019,Yoga Flow,Aditi Shah,20.0
Mon Apr 22 14:20:00 2019,Yoga Flow,Ross Rayburn,30.0
Mon Apr 22 05:52:00 2019,Restorative Yoga,Anna Greenberg,20.0
Mon Apr 22 03:47:00 2019,Yoga Flow,Aditi Shah,30.0
Sun Apr 21 06:18:00 2019,Power Yoga,Ross Rayburn,45.0
Sat Apr 20 07:49:00 2019,Yoga Flow,Denis Morton,60.0
Sat Apr 20 06:19:00 2019,Yoga Flow,Kristin McGee,45.0
Fri Apr 19 05:19:00 2019,Power Yoga,Kristin McGee,30.0
Wed Apr 17 14:19:00 2019,Yoga Flow,Aditi Shah,30.0
Wed Apr 17 05:51:00 2019,Yoga Flow,Kristin McGee,20.0
Tue Apr 16 15:02:00 2019,Yoga Flow,Denis Morton,10.0
Tue Apr 16 14:20:00 2019,Yoga Flow,Denis Morton,30.0
Tue Apr 16 13:46:00 2019,Yoga Anywhere,Ross Rayburn,10.0
Tue Apr 16 13:33:00 2019,Yoga Basics,Ross Rayburn,5.0
Tue Apr 16 07:10:00 2019,Yoga Flow,Anna Greenberg,10.0
Tue Apr 16 07:02:00 2019,Yoga Basics,Anna Greenberg,5.0
Tue Apr 16 05:51:00 2019,Restorative Yoga,Aditi Shah,15.0
Tue Apr 16 05:19:00 2019,Yoga Flow,Aditi Shah,20.0
Tue Apr 16 04:32:00 2019,Restorative Yoga,Anna Greenberg,10.0
Tue Apr 16 03:49:00 2019,Yoga Flow,Anna Greenberg,30.0
Mon Apr 15 15:50:00 2019,Power Yoga,Kristin McGee,60.0
Mon Apr 15 14:20:00 2019,Yoga Flow,Ross Rayburn,30.0
Mon Apr 15 07:16:00 2019,Yoga Basics,Aditi Shah,5.0
Mon Apr 15 06:53:00 2019,Yoga Anywhere,Aditi Shah,5.0
Mon Apr 15 06:01:00 2019,Yoga Flow,Anna Greenberg,10.0
Sun Apr 14 06:19:00 2019,Yoga Flow,Ross Rayburn,45.0
Sat Apr 13 07:49:00 2019,Power Yoga,Denis Morton,45.0
Sat Apr 13 06:20:00 2019,Yoga Flow,Anna Greenberg,45.0
Fri Apr 12 05:19:00 2019,Yoga Flow,Ross Rayburn,20.0
Fri Apr 12 03:49:00 2019,Power Yoga,Ross Rayburn,30.0
Thu Apr 11 15:01:00 2019,Restorative Yoga,Anna Greenberg,10.0
Thu Apr 11 07:20:00 2019,Yoga Anywhere,Kristin McGee,15.0
Thu Apr 11 06:01:00 2019,Yoga Flow,Ross Rayburn,10.0
Thu Apr 11 05:20:00 2019,Yoga Flow,Ross Rayburn,30.0
Thu Apr 11 03:48:00 2019,Yoga Flow,Kristin McGee,30.0
Wed Apr 10 15:49:00 2019,Yoga Flow,Anna Greenberg,45.0
Wed Apr 10 14:21:00 2019,Yoga Flow,Aditi Shah,30.0
Wed Apr 10 06:01:00 2019,Yoga Flow,Kristin McGee,10.5
Wed Apr 10 05:19:00 2019,Yoga Flow,Kristin McGee,30.0
Wed Apr 10 04:21:00 2019,Restorative Yoga,Kristin McGee,20.0
Tue Apr  9 15:50:00 2019,Yoga Flow,Ross Rayburn,45.0
Tue Apr  9 15:03:00 2019,Yoga Flow,Ross Rayburn,10.0
Tue Apr  9 14:19:00 2019,Yoga Flow,Ross Rayburn,30.0
Tue Apr  9 05:51:00 2019,Yoga Flow,Aditi Shah,20.0
Tue Apr  9 04:32:00 2019,Restorative Yoga,Anna Greenberg,10.0
Tue Apr  9 03:50:00 2019,Yoga Flow,Anna Greenberg,30.0
Mon Apr  8 15:50:00 2019,Yoga Flow,Kristin McGee,45.0
Mon Apr  8 14:21:00 2019,Restorative Yoga,Ross Rayburn,30.0
Mon Apr  8 07:23:00 2019,Yoga Basics,Anna Greenberg,5.0
Mon Apr  8 06:55:00 2019,Yoga Anywhere,Anna Greenberg,5.0
Mon Apr  8 05:19:00 2019,Power Yoga,Anna Greenberg,30.0
Mon Apr  8 03:48:00 2019,Yoga Flow,Aditi Shah,30.0
Sun Apr  7 06:20:00 2019,Power Yoga,Ross Rayburn,45.0
Sat Apr  6 07:50:00 2019,Yoga Flow,Kristin McGee,60.0
Fri Apr  5 06:57:00 2019,Yoga Anywhere,Ross Rayburn,5.0
Fri Apr  5 05:41:00 2019,Restorative Yoga,Kristin McGee,14.0
Fri Apr  5 05:20:00 2019,Yoga Flow,Kristin McGee,10.0
Fri Apr  5 03:49:00 2019,Yoga Flow,Ross Rayburn,30.0
Thu Apr  4 15:02:00 2019,Restorative Yoga,Anna Greenberg,10.0
Thu Apr  4 05:19:00 2019,Yoga Flow,Ross Rayburn,20.0
Thu Apr  4 03:50:00 2019,Yoga Flow,Kristin McGee,30.0
Wed Apr  3 15:50:00 2019,Yoga Flow,Anna Greenberg,45.0
Wed Apr  3 14:19:00 2019,Yoga Flow,Aditi Shah,30.0
Wed Apr  3 13:58:00 2019,Yoga Anywhere,Anna Greenberg,5.0
Wed Apr  3 13:41:00 2019,Yoga Basics,Anna Greenberg,10.0
Wed Apr  3 05:19:00 2019,Yoga Flow,Kristin McGee,30.0
Wed Apr  3 04:21:00 2019,Restorative Yoga,Kristin McGee,20.0
Wed Apr  3 03:48:00 2019,Yoga Flow,Kristin McGee,20.0
Tue Apr  2 15:49:00 2019,Yoga Flow,Ross Rayburn,60.0
Tue Apr  2 14:51:00 2019,Yoga Flow,Denis Morton,20.0
Tue Apr  2 14:20:00 2019,Power Yoga,Denis Morton,20.0
Tue Apr  2 07:50:00 2019,Yoga Basics,Anna Greenberg,10.0
Tue Apr  2 07:05:00 2019,Restorative Yoga,Anna Greenberg,30.0
Tue Apr  2 05:51:00 2019,Yoga Flow,Aditi Shah,20.0
Tue Apr  2 04:32:00 2019,Restorative Yoga,Anna Greenberg,10.0
Mon Apr  1 15:51:00 2019,Yoga Flow,Kristin McGee,45.0
Mon Apr  1 15:01:00 2019,Yoga Flow,Ross Rayburn,10.0
Mon Apr  1 14:20:00 2019,Yoga Flow,Ross Rayburn,30.0
Mon Apr  1 07:08:00 2019,Yoga Basics,Aditi Shah,5.0
Mon Apr  1 05:19:00 2019,Yoga Flow,Anna Greenberg,30.0
Sun Mar 31 07:50:00 2019,Yoga Flow,Anna Greenberg,45.0
Sun Mar 31 06:20:00 2019,Power Yoga,Kristin McGee,45.0
Sat Mar 30 07:50:00 2019,Yoga Flow,Denis Morton,45.0
Sat Mar 30 06:20:00 2019,Yoga Flow,Ross Rayburn,45.0
Fri Mar 29 08:56:00 2019,Yoga Anywhere,Anna Greenberg,5.0
Fri Mar 29 08:13:00 2019,Restorative Yoga,Anna Greenberg,30.0
Fri Mar 29 07:08:00 2019,Restorative Yoga,Aditi Shah,10.0
Fri Mar 29 05:20:00 2019,Yoga Flow,Ross Rayburn,30.0
Fri Mar 29 03:51:00 2019,Yoga Flow,Kristin McGee,45.0
Thu Mar 28 15:49:00 2019,Yoga Flow,Aditi Shah,45.0
Thu Mar 28 05:19:00 2019,Yoga Flow,Kristin McGee,20.0
Wed Mar 27 14:19:00 2019,Yoga Flow,Ross Rayburn,20.0
Wed Mar 27 05:20:00 2019,Power Yoga,Aditi Shah,20.0
Tue Mar 26 14:52:00 2019,Yoga Flow,Denis Morton,20.0
Tue Mar 26 14:19:00 2019,Yoga Flow,Denis Morton,20.0
Tue Mar 26 10:56:00 2019,Restorative Yoga,Aditi Shah,30.0
Tue Mar 26 05:51:00 2019,Restorative Yoga,Anna Greenberg,20.0
Tue Mar 26 03:50:00 2019,Yoga Flow,Ross Rayburn,45.0
Mon Mar 25 15:01:00 2019,Restorative Yoga,Kristin McGee,10.0
Mon Mar 25 08:07:00 2019,Yoga Basics,Anna Greenberg,5.0
Mon Mar 25 03:50:00 2019,Power Yoga,Anna Greenberg,45.0
Sat Mar 23 06:20:00 2019,Yoga Flow,Aditi Shah,45.0
Fri Mar 22 06:01:00 2019,Restorative Yoga,Anna Greenberg,10.0
Fri Mar 22 03:50:00 2019,Yoga Flow,Kristin McGee,45.0
Thu Mar 21 15:50:00 2019,Yoga Flow,Aditi Shah,60.0
Thu Mar 21 14:51:00 2019,Restorative Yoga,Ross Rayburn,20.0
Thu Mar 21 05:52:00 2019,Restorative Yoga,Kristin McGee,20.0
Thu Mar 21 05:19:00 2019,Power Yoga,Kristin McGee,20.0
Wed Mar 20 15:50:00 2019,Yoga Flow,Anna Greenberg,45.0
Wed Mar 20 05:51:00 2019,Restorative Yoga,Aditi Shah,20.0
Wed Mar 20 05:20:00 2019,Yoga Flow,Aditi Shah,20.0
Wed Mar 20 03:50:00 2019,Yoga Flow,Ross Rayburn,45.0
Tue Mar 19 15:50:00 2019,Yoga Flow,Kristin McGee,45.0
Tue Mar 19 13:25:00 2019,Yoga Anywhere,Kristin McGee,5.0
Tue Mar 19 05:51:00 2019,Yoga Flow,Anna Greenberg,20.0
Tue Mar 19 03:48:00 2019,Yoga Flow,Aditi Shah,45.0
Mon Mar 18 08:12:00 2019,Restorative Yoga,Anna Greenberg,15.0
Sat Mar 16 06:19:00 2019,Yoga Flow,Aditi Shah,45.0
Fri Mar 15 06:01:00 2019,Restorative Yoga,Anna Greenberg,10.0
Fri Mar 15 05:20:00 2019,Yoga Flow,Anna Greenberg,30.0
Thu Mar 14 15:50:00 2019,Yoga Flow,Aditi Shah,45.0
Thu Mar 14 03:49:00 2019,Yoga Flow,Ross Rayburn,45.0
Wed Mar 13 05:20:00 2019,Power Yoga,Aditi Shah,20.0
Tue Mar 12 05:52:00 2019,Restorative Yoga,Anna Greenberg,20.0
Tue Mar 12 05:19:00 2019,Yoga Flow,Anna Greenberg,20.0
Mon Mar 11 15:01:00 2019,Yoga Flow,Kristin McGee,10.0
Mon Mar 11 07:57:00 2019,Yoga Basics,Anna Greenberg,10.0
Mon Mar 11 05:20:00 2019,Yoga Flow,Aditi Shah,30.0
Fri Mar  8 06:01:00 2019,Restorative Yoga,Anna Greenberg,10.0
Thu Mar  7 07:32:00 2019,Yoga Basics,Kristin McGee,5.0
Thu Mar  7 05:51:00 2019,Restorative Yoga,Kristin McGee,20.0
Wed Mar  6 09:51:00 2019,Restorative Yoga,Ross Rayburn,20.0
Tue Mar  5 14:51:00 2019,Yoga Flow,Denis Morton,20.0
Tue Mar  5 14:20:00 2019,Yoga Flow,Denis Morton,20.0
Tue Mar  5 08:20:00 2019,Yoga Anywhere,Aditi Shah,10.0
Mon Mar  4 08:24:00 2019,Yoga Anywhere,Anna Greenberg,15.0
Sat Mar  2 07:49:00 2019,Yoga Flow,Denis Morton,45.0
Sat Mar  2 06:20:00 2019,Yoga Flow,Aditi Shah,45.0
Fri Mar  1 05:20:00 2019,Power Yoga,Kristin McGee,30.0
Fri Mar  1 03:49:00 2019,Yoga Flow,Kristin McGee,45.0
Thu Feb 28 14:21:00 2019,Yoga Flow,Aditi Shah,30.0
Thu Feb 28 08:26:00 2019,Yoga Basics,Kristin McGee,5.0
Thu Feb 28 05:51:00 2019,Restorative Yoga,Anna Greenberg,20.0
Wed Feb 27 14:21:00 2019,Yoga Flow,Anna Greenberg,45.0
Wed Feb 27 05:20:00 2019,Restorative Yoga,Aditi Shah,20.0
Tue Feb 26 15:50:00 2019,Yoga Flow,Kristin McGee,60.0
Tue Feb 26 06:01:00 2019,Yoga Flow,Anna Greenberg,10.0
Mon Feb 25 10:41:00 2019,Yoga Anywhere,Ross Rayburn,5.0
Mon Feb 25 08:23:00 2019,Yoga Basics,Anna Greenberg,5.0
Mon Feb 25 05:19:00 2019,Yoga Flow,Aditi Shah,30.0
Sat Feb 23 07:50:00 2019,Yoga Flow,Denis Morton,45.0
Fri Feb 22 05:20:00 2019,Yoga Flow,Kristin McGee,20.0
Thu Feb 21 14:51:00 2019,Restorative Yoga,Aditi Shah,20.0
Thu Feb 21 06:01:00 2019,Restorative Yoga,Anna Greenberg,10.0
Wed Feb 20 09:03:00 2019,Yoga Anywhere,Ross Rayburn,10.0
Wed Feb 20 05:51:00 2019,Restorative Yoga,Aditi Shah,20.0
Wed Feb 20 05:20:00 2019,Yoga Flow,Aditi Shah,20.0
Tue Feb 19 09:32:00 2019,Yoga Anywhere,Anna Greenberg,10.0
Tue Feb 19 06:01:00 2019,Restorative Yoga,Anna Greenberg,10.0
Tue Feb 19 05:20:00 2019,Yoga Flow,Anna Greenberg,30.0
Mon Feb 18 06:50:00 2019,Restorative Yoga,Aditi Shah,30.0
Sat Feb 16 06:20:00 2019,Yoga Flow,Kristin McGee,45.0
Fri Feb 15 08:50:00 2019,Yoga Flow,Ross Rayburn,20.0
Fri Feb 15 06:01:00 2019,Restorative Yoga,Kristin McGee,10.0
Wed Feb 13 15:50:00 2019,Yoga Flow,Anna Greenberg,45.0
Wed Feb 13 14:20:00 2019,Yoga Flow,Anna Greenberg,45.0
Wed Feb 13 05:20:00 2019,Yoga Flow,Aditi Shah,30.0
Tue Feb 12 15:00:00 2019,Yoga Flow,Denis Morton,10.0
Tue Feb 12 06:02:00 2019,Restorative Yoga,Anna Greenberg,10.0
Tue Feb 12 03:50:00 2019,Yoga Flow,Kristin McGee,45.0
Mon Feb 11 08:08:00 2019,Yoga Basics,Anna Greenberg,5.0
Mon Feb 11 06:01:00 2019,Restorative Yoga,Aditi Shah,10.0
Thu Feb  7 15:01:00 2019,Restorative Yoga,Aditi Shah,10.0
Wed Feb  6 14:20:00 2019,Yoga Flow,Anna Greenberg,45.0
Wed Feb  6 03:50:00 2019,Yoga Flow,Aditi Shah,45.0
Tue Feb  5 15:01:00 2019,Yoga Flow,Denis Morton,10.0
Tue Feb  5 14:20:00 2019,Yoga Flow,Denis Morton,30.0
Tue Feb  5 06:01:00 2019,Restorative Yoga,Anna Greenberg,10.0
Mon Feb  4 07:52:00 2019,Restorative Yoga,Anna Greenberg,15.0
Mon Feb  4 05:20:00 2019,Yoga Flow,Aditi Shah,30.0
Mon Feb  4 03:50:00 2019,Yoga Flow,Anna Greenberg,45.0
Sun Feb  3 07:49:00 2019,Yoga Flow,Kristin McGee,60.0
Sat Feb  2 08:31:00 2019,Yoga Flow,Anna Greenberg,10.0
Sat Feb  2 06:20:00 2019,Yoga Flow,Aditi Shah,45.0
Fri Feb  1 05:19:00 2019,Yoga Flow,Anna Greenberg,20.0
Thu Jan 31 15:50:00 2019,Power Yoga,Aditi Shah,45.0
Thu Jan 31 14:51:00 2019,Yoga Flow,Aditi Shah,20.0
Thu Jan 31 13:38:00 2019,Yoga Flow,Aditi Shah,10.0
Thu Jan 31 07:21:00 2019,Yoga Basics,Ross Rayburn,5.0
Thu Jan 31 05:20:00 2019,Yoga Flow,Kristin McGee,30.0
Tue Jan 29 15:50:00 2019,Yoga Flow,Kristin McGee,45.0
Tue Jan 29 13:42:00 2019,Yoga Basics,Kristin McGee,5.0
Tue Jan 29 05:20:00 2019,Yoga Flow,Anna Greenberg,30.0
Mon Jan 28 14:20:00 2019,Yoga Flow,Aditi Shah,30.0
Mon Jan 28 03:50:00 2019,Yoga Flow,Anna Greenberg,45.0
Sun Jan 27 07:49:00 2019,Power Yoga,Kristin McGee,60.0
Sun Jan 27 06:20:00 2019,Yoga Flow,Kristin McGee,45.0
Fri Jan 25 05:51:00 2019,Yoga Flow,Anna Greenberg,20.0
Fri Jan 25 05:20:00 2019,Yoga Flow,Anna Greenberg,20.0
Thu Jan 24 14:20:00 2019,Yoga Flow,Aditi Shah,20.0
Thu Jan 24 13:37:00 2019,Yoga Anywhere,Aditi Shah,10.0
Thu Jan 24 06:01:00 2019,Yoga Flow,Kristin McGee,10.0
Wed Jan 23 14:20:00 2019,Yoga Flow,Kristin McGee,20.0
Wed Jan 23 06:01:00 2019,Yoga Flow,Aditi Shah,10.0
Tue Jan 22 15:50:00 2019,Power Yoga,Kristin McGee,45.0
Tue Jan 22 13:12:00 2019,Yoga Basics,Kristin McGee,4.983333333333333
Tue Jan 22 13:26:00 2019,Yoga Basics,Kristin McGee,4.983333333333333
Tue Jan 22 03:49:00 2019,Yoga Flow,Aditi Shah,45.0
Mon Jan 21 06:01:00 2019,Yoga Flow,Kristin McGee,10.0
Mon Jan 21 05:20:00 2019,Yoga Flow,Kristin McGee,30.0
Sun Jan 20 07:50:00 2019,Power Yoga,Aditi Shah,60.0
Sat Jan 19 08:21:00 2019,Yoga Flow,Kristin McGee,20.0
Sat Jan 19 07:50:00 2019,Yoga Flow,Kristin McGee,20.0
Thu Jan 17 13:28:00 2019,Yoga Basics,Aditi Shah,5.0
Thu Jan 17 06:01:00 2019,Yoga Flow,Kristin McGee,10.0
Thu Jan 17 05:20:00 2019,Yoga Flow,Kristin McGee,30.0
Wed Jan 16 14:04:00 2019,Yoga Basics,Anna Greenberg,5.0
Wed Jan 16 13:12:00 2019,Yoga Basics,Anna Greenberg,5.0
Wed Jan 16 05:19:00 2019,Yoga Flow,Aditi Shah,30.0
Tue Jan 15 13:26:00 2019,Yoga Basics,Kristin McGee,5.0
Tue Jan 15 13:16:00 2019,Yoga Anywhere,Kristin McGee,5.0
Tue Jan 15 06:02:00 2019,Yoga Flow,Anna Greenberg,10.0
Tue Jan 15 05:19:00 2019,Yoga Flow,Anna Greenberg,30.0
Fri Jan 11 05:51:00 2019,Power Yoga,Anna Greenberg,20.0
Thu Jan 10 14:51:00 2019,Restorative Yoga,Aditi Shah,20.0
Thu Jan 10 13:27:00 2019,Yoga Basics,Aditi Shah,5.0
Thu Jan 10 12:57:00 2019,Yoga Basics,Aditi Shah,5.0
Thu Jan 10 06:00:00 2019,Restorative Yoga,Kristin McGee,10.0
Wed Jan  9 14:20:00 2019,Yoga Flow,Kristin McGee,20.0
Wed Jan  9 13:32:00 2019,Yoga Anywhere,Anna Greenberg,10.0
Wed Jan  9 13:08:00 2019,Yoga Basics,Anna Greenberg,10.0
Wed Jan  9 06:01:00 2019,Yoga Flow,Aditi Shah,10.0
Wed Jan  9 05:20:00 2019,Yoga Flow,Aditi Shah,30.0
Tue Jan  8 13:53:00 2019,Yoga Basics,Kristin McGee,5.0
Tue Jan  8 06:02:00 2019,Restorative Yoga,Anna Greenberg,10.0
Mon Jan  7 14:20:00 2019,Power Yoga,Aditi Shah,30.0
Mon Jan  7 06:01:00 2019,Yoga Flow,Kristin McGee,10.0
Sun Jan  6 06:20:00 2019,Yoga Flow,Kristin McGee,45.0
Sat Jan  5 08:32:00 2019,Yoga Flow,Anna Greenberg,10.0
Sat Jan  5 07:50:00 2019,Yoga Flow,Anna Greenberg,30.0
Sat Jan  5 06:22:00 2019,Yoga Flow,Aditi Shah,45.0
Fri Jan  4 05:20:00 2019,Yoga Flow,Anna Greenberg,20.0
Thu Jan  3 14:51:00 2019,Yoga Flow,Aditi Shah,20.0
Thu Jan  3 13:40:00 2019,Yoga Basics,Aditi Shah,5.0
Thu Jan  3 13:27:00 2019,Yoga Basics,Aditi Shah,5.0
Thu Jan  3 13:12:00 2019,Yoga Basics,Aditi Shah,5.0
Thu Jan  3 06:01:00 2019,Restorative Yoga,Kristin McGee,10.0
Wed Jan  2 09:08:00 2019,Yoga Basics,Anna Greenberg,5.0
Wed Jan  2 08:57:00 2019,Yoga Basics,Anna Greenberg,5.0
Wed Jan  2 07:06:00 2019,Restorative Yoga,Kristin McGee,20.0
Wed Jan  2 05:20:00 2019,Yoga Flow,Aditi Shah,45.0
Sun Dec 30 06:35:00 2018,Yoga Flow,Anna Greenberg,45.0
Sat Dec 29 06:35:00 2018,Yoga Flow,Kristin McGee,45.0
Sat Dec 29 05:20:00 2018,Yoga Flow,Anna Greenberg,45.0
Fri Dec 28 08:07:00 2018,Yoga Anywhere,Kristin McGee,10.0
Fri Dec 28 07:55:00 2018,Yoga Basics,Kristin McGee,5.0
Fri Dec 28 07:46:00 2018,Yoga Basics,Kristin McGee,5.0
Fri Dec 28 06:35:00 2018,Yoga Flow,Kristin McGee,45.0
Fri Dec 28 05:20:00 2018,Yoga Flow,Aditi Shah,45.0
Thu Dec 27 08:11:00 2018,Yoga Basics,Aditi Shah,5.0
Thu Dec 27 06:01:00 2018,Yoga Flow,Kristin McGee,10.0
Wed Dec 26 08:36:00 2018,Yoga Basics,Anna Greenberg,5.0
Wed Dec 26 08:23:00 2018,Yoga Basics,Anna Greenberg,5.0
Wed Dec 26 07:54:00 2018,Yoga Anywhere,Anna Greenberg,10.0
Wed Dec 26 05:20:00 2018,Power Yoga,Aditi Shah,45.0
Mon Dec 24 08:46:00 2018,Yoga Anywhere,Aditi Shah,5.0
Mon Dec 24 08:37:00 2018,Yoga Anywhere,Aditi Shah,5.0
Mon Dec 24 08:16:00 2018,Yoga Basics,Aditi Shah,5.0
Sat Dec 22 05:19:00 2018,Yoga Flow,Kristin McGee,45.0
Fri Dec 21 05:52:00 2018,Yoga Flow,Anna Greenberg,20.0
Fri Dec 21 05:20:00 2018,Yoga Flow,Anna Greenberg,20.0
Thu Dec 20 15:49:00 2018,Yoga Flow,Aditi Shah,45.0
Thu Dec 20 14:51:00 2018,Restorative Yoga,Aditi Shah,20.0
Thu Dec 20 13:21:00 2018,Yoga Anywhere,Aditi Shah,10.0
Thu Dec 20 06:01:00 2018,Yoga Flow,Kristin McGee,10.0
Thu Dec 20 05:20:00 2018,Yoga Flow,Kristin McGee,30.0
Wed Dec 19 15:50:00 2018,Yoga Flow,Anna Greenberg,45.0
Wed Dec 19 13:20:00 2018,Yoga Basics,Anna Greenberg,5.0
Wed Dec 19 13:01:00 2018,Yoga Anywhere,Anna Greenberg,5.0
Tue Dec 18 14:02:00 2018,Yoga Basics,Kristin McGee,5.0
Tue Dec 18 06:02:00 2018,Restorative Yoga,Anna Greenberg,10.0
Mon Dec 17 05:20:00 2018,Yoga Flow,Kristin McGee,30.0
Sat Dec 15 08:32:00 2018,Yoga Flow,Anna Greenberg,10.0
Fri Dec 14 05:56:00 2018,Yoga Flow,Anna Greenberg,20.0
Fri Dec 14 05:19:00 2018,Yoga Flow,Anna Greenberg,20.0
Thu Dec 13 13:41:00 2018,Yoga Basics,Aditi Shah,5.0
Wed Dec 12 14:20:00 2018,Yoga Flow,Kristin McGee,20.0
Wed Dec 12 13:42:00 2018,Yoga Basics,Anna Greenberg,5.0
Wed Dec 12 13:24:00 2018,Yoga Anywhere,Anna Greenberg,5.0
Wed Dec 12 05:20:00 2018,Yoga Flow,Aditi Shah,30.0
Tue Dec 11 13:40:00 2018,Yoga Basics,Kristin McGee,5.0
Mon Dec 10 05:20:00 2018,Yoga Flow,Kristin McGee,30.0
Sun Dec  9 07:52:00 2018,Power Yoga,Kristin McGee,60.0
Sat Dec  8 07:50:00 2018,Yoga Flow,Anna Greenberg,30.0
Sat Dec  8 06:20:00 2018,Yoga Flow,Aditi Shah,45.0
Fri Dec  7 05:20:00 2018,Yoga Flow,Anna Greenberg,20.0
Wed Dec  5 05:20:00 2018,Yoga Flow,Aditi Shah,30.0
Tue Dec  4 14:49:00 2018,Power Yoga,Kristin McGee,30.0
Mon Dec  3 15:11:00 2018,Yoga Basics,Aditi Shah,5.0
Mon Dec  3 15:01:00 2018,Yoga Basics,Aditi Shah,5.0
Mon Dec  3 13:50:00 2018,Yoga Basics,Anna Greenberg,5.0
Mon Dec  3 13:22:00 2018,Yoga Basics,Anna Greenberg,5.0
Mon Dec  3 12:09:00 2018,Yoga Basics,Kristin McGee,5.0
Fri Nov 30 15:43:00 2018,Yoga Basics,Anna Greenberg,5.0
Fri Feb 23 13:35:00 2018,Restorative Yoga,Colleen Saidman Yee,20.0
Thu Feb 22 08:21:00 2018,Yoga Flow,Colleen Saidman Yee,20.0
Thu Feb 22 07:20:00 2018,Yoga Flow,Colleen Saidman Yee,30.0
Wed Feb 21 13:50:00 2018,Yoga Basics,Colleen Saidman Yee,5.0
Wed Feb 21 12:21:00 2018,Yoga Flow,Colleen Saidman Yee,30.0
Tue Feb 20 07:22:00 2018,Yoga Flow,Colleen Saidman Yee,20.0
Thu Jan 18 08:00:00 2018,Yoga Flow,Colleen Saidman Yee,30.0
Thu Sep 21 08:00:00 2017,Yoga Flow,Colleen Saidman Yee,11.633333333333333
Thu Sep 21 08:00:00 2017,Yoga Flow,Colleen Saidman Yee,21.633333333333333
Tue May 23 08:00:00 2017,Yoga Basics,Colleen Saidman Yee,5.5
Thu Jan 18 08:00:00 2018,Yoga Flow,Colleen Saidman Yee,20.0
Thu Oct 20 04:00:00 2016,Yoga Flow,Colleen Saidman Yee,10.0
Thu Sep 21 08:00:00 2017,Yoga Basics,Colleen Saidman Yee,5.483333333333333
Thu Sep 21 08:00:00 2017,Yoga Flow,Colleen Saidman Yee,20.416666666666668
Thu Jan 18 08:00:00 2018,Power Yoga,Colleen Saidman Yee,10.0
Wed Dec 12 14:52:00 2018,Restorative Yoga,Kristin McGee,20.0
Thu Jan 24 14:51:00 2019,Restorative Yoga,Aditi Shah,20.0
Thu Oct 20 04:00:00 2016,Yoga Flow,Colleen Saidman Yee,30.0
Thu Dec  8 08:00:00 2016,Restorative Yoga,Colleen Saidman Yee,29.0
Thu Jan 18 08:00:00 2018,Yoga Flow,Colleen Saidman Yee,20.0
Thu Jan 18 08:00:00 2018,Yoga Flow,Colleen Saidman Yee,20.0
Thu Sep 21 08:00:00 2017,Yoga Flow,Colleen Saidman Yee,21.033333333333335
Thu Sep 21 08:00:00 2017,Yoga Basics,Colleen Saidman Yee,5.733333333333333
Tue May 23 08:00:00 2017,Yoga Flow,Colleen Saidman Yee,11.233333333333333
Thu Jan 18 08:00:00 2018,Yoga Flow,Colleen Saidman Yee,10.0
Thu Sep 21 08:00:00 2017,Yoga Flow,Colleen Saidman Yee,11.166666666666666
Thu Jan 18 08:00:00 2018,Yoga Flow,Colleen Saidman Yee,20.0
Thu Dec  8 08:00:00 2016,Yoga Flow,Colleen Saidman Yee,30.0
Thu Sep 21 08:00:00 2017,Yoga Flow,Colleen Saidman Yee,31.5
Thu Dec  8 08:00:00 2016,Yoga Flow,Colleen Saidman Yee,20.0
Thu Jan 18 08:00:00 2018,Yoga Flow,Colleen Saidman Yee,10.0
Thu Jan 18 08:00:00 2018,Yoga Basics,Colleen Saidman Yee,5.0
Wed Feb  6 05:51:00 2019,Restorative Yoga,Aditi Shah,20.0
Thu Oct 20 04:00:00 2016,Yoga Flow,Colleen Saidman Yee,10.0
Thu Jan 18 08:00:00 2018,Yoga Flow,Colleen Saidman Yee,30.0
Tue May 23 08:00:00 2017,Yoga Basics,Colleen Saidman Yee,5.666666666666667
Thu Sep 21 08:00:00 2017,Power Yoga,Colleen Saidman Yee,30.616666666666667
Fri Feb  1 05:52:00 2019,Restorative Yoga,Anna Greenberg,20.0
Thu Dec 13 14:51:00 2018,Restorative Yoga,Aditi Shah,20.0
Thu Sep 21 08:00:00 2017,Yoga Flow,Colleen Saidman Yee,10.466666666666667
Thu Jul  4 03:00:00 2019,Yoga Flow,Kristin McGee,30.0
Thu Dec  8 08:00:00 2016,Yoga Flow,Colleen Saidman Yee,42.93333333333333
Thu Jan 18 08:00:00 2018,Yoga Flow,Colleen Saidman Yee,20.0
Thu Jan 18 08:00:00 2018,Yoga Flow,Colleen Saidman Yee,10.0
Thu Dec  8 08:00:00 2016,Yoga Flow,Colleen Saidman Yee,29.3
Tue May 23 08:00:00 2017,Yoga Basics,Colleen Saidman Yee,4.9
Thu May 18 08:00:00 2017,Yoga Basics,Colleen Saidman Yee,5.0
Thu Sep 21 08:00:00 2017,Yoga Basics,Colleen Saidman Yee,4.833333333333333
Thu Sep 21 08:00:00 2017,Yoga Flow,Colleen Saidman Yee,10.416666666666666
Fri Dec  7 05:51:00 2018,Restorative Yoga,Anna Greenberg,20.0
Thu Feb  7 05:52:00 2019,Restorative Yoga,Anna Greenberg,20.0
Thu Oct 20 04:00:00 2016,Yoga Flow,Colleen Saidman Yee,20.0
Tue May 23 08:00:00 2017,Yoga Basics,Colleen Saidman Yee,5.75
Tue May 23 08:00:00 2017,Yoga Flow,Colleen Saidman Yee,10.0
Thu Oct 20 04:00:00 2016,Power Yoga,Colleen Saidman Yee,30.0
Tue Dec 11 06:01:00 2018,Restorative Yoga,Anna Greenberg,10.0
Thu Oct 20 04:00:00 2016,Yoga Flow,Colleen Saidman Yee,10.0
Tue May 23 08:00:00 2017,Yoga Basics,Colleen Saidman Yee,5.95
Thu Jan 18 08:00:00 2018,Yoga Basics,Colleen Saidman Yee,5.0
Thu Oct 20 04:00:00 2016,Yoga Flow,Colleen Saidman Yee,45.0
Wed Jan 23 14:51:00 2019,Restorative Yoga,Kristin McGee,20.0
Thu Dec  8 08:00:00 2016,Power Yoga,Colleen Saidman Yee,30.0
Thu Dec  6 06:01:00 2018,Restorative Yoga,Kristin McGee,10.0
Thu Dec  8 08:00:00 2016,Power Yoga,Colleen Saidman Yee,41.983333333333334
Tue May 23 08:00:00 2017,Yoga Basics,Colleen Saidman Yee,5.583333333333333
Tue May 23 08:00:00 2017,Yoga Basics,Colleen Saidman Yee,5.35
Thu Sep 21 08:00:00 2017,Yoga Flow,Colleen Saidman Yee,21.366666666666667
Tue May 23 08:00:00 2017,Yoga Flow,Colleen Saidman Yee,11.0
Thu Dec  8 08:00:00 2016,Yoga Flow,Colleen Saidman Yee,20.0
Sat Dec  8 08:31:00 2018,Restorative Yoga,Anna Greenberg,10.0
Thu Jan 18 08:00:00 2018,Yoga Flow,Colleen Saidman Yee,10.0
Thu Dec  8 08:00:00 2016,Yoga Anywhere,Colleen Saidman Yee,10.0
Thu Jan 17 14:51:00 2019,Restorative Yoga,Aditi Shah,20.0
Tue May 23 08:00:00 2017,Yoga Basics,Colleen Saidman Yee,4.683333333333334
Thu Oct 20 04:00:00 2016,Yoga Flow,Colleen Saidman Yee,20.0
Tue May 23 08:00:00 2017,Yoga Flow,Colleen Saidman Yee,21.0
Tue Oct 29 06:52:00 2019,Yoga Flow,Aditi Shah,10.0
Fri Jan  4 05:52:00 2019,Restorative Yoga,Anna Greenberg,20.0
